{
    "$schema": "https://vega.github.io/schema/vega-lite/v5.json",
    "data": {
      "url": "https://raw.githubusercontent.com/zijinchen-0104/30663245_A2/master/data/A2.csv"
    },
    "width": 400,
    "height": 300,
    "title": "Time and City VS Price",
    "transform": [
          {
              "calculate": "timeParse(datum['date_sold'], '%d/%m/%Y')",
              "as" : "date_new"
          }],
    "layer": [
      { 
        "encoding": {
          "x": {"field": "date_new", "timeUnit":"yearmonth","type": "temporal","title":"Time","axis": {"grid": false}},
          "y": {"field": "price", "aggregate":"average","type": "quantitative","scale": {"domain": [400000,1400000]},"title":"Average price","axis": {"grid": false}},
          "color": {"field": "city_name", "type": "nominal","title": "City name"}
        },
        "layer": [
          {"mark": "line"},
          {
            "params": [{
              "name": "label",
              "select": {
                "type": "point",
                "encodings": ["x"],
                "nearest": true,
                "on": "mouseover"
              }
            }],
            "mark": "point",
            "encoding": {
              "opacity": {
                "condition": {
                  "param": "label",
                  "empty": false,
                  "value": 1
                },
                "value": 0
              }
            }
          }
        ]
      },
      {
        "transform": [{"filter": {"param": "label", "empty": false}}],
        "layer": [
          {
            "mark": {"type": "rule", "color": "gray"},
            "encoding": {
              "x": {"type": "temporal", "field": "date_new", "timeUnit":"yearmonth","aggregate": "min"}
            }
          },
          {
            "encoding": {
              "text": {"type": "quantitative","aggregate":"average", "field": "price"},
              "x": {"type": "temporal", "field": "date_new","timeUnit":"yearmonth"},
              "y": {"type": "quantitative", "aggregate":"average","field": "price"}
            },
            "layer": [
              {
                "mark": {
                  "type": "text",
                  "stroke": "white",
                  "strokeWidth": 2,
                  "align": "left",
                  "dx": 5,
                  "dy": -5
                }
              },
              {
                "mark": {"type": "text", "align": "left", "dx": 5, "dy": -5},
                "encoding": {
                  "color": {"type": "nominal", "field": "city_name"}
                }
              }
            ]
          }
        ]
      }
    ]
  }