HDI Rank,Country,1990,1991,1992,1993,1994,1995,1996,1997,1998,1999,2000,2001,2002,2003,2004,Test2005,2006,2007,2008,2009,2010,2011,2012,2013,2014,2015,2016,2017,2018,2019
169, Afghanistan,0.3,0.31,0.32,0.31,0.31,0.33,0.34,0.34,0.34,0.35,0.35,0.35,0.38,0.39,0.41,0.42,0.43,0.45,0.45,0.46,0.47,0.48,0.49,0.5,0.5,0.5,0.5,0.51,0.51,0.51
69, Albania,0.65,0.63,0.62,0.62,0.62,0.64,0.65,0.65,0.66,0.67,0.67,0.68,0.68,0.69,0.7,0.71,0.71,0.72,0.73,0.73,0.75,0.76,0.78,0.78,0.79,0.79,0.79,0.79,0.79,0.8
91, Algeria,0.57,0.58,0.58,0.59,0.59,0.6,0.6,0.61,0.62,0.63,0.64,0.65,0.66,0.67,0.68,0.69,0.69,0.7,0.7,0.71,0.72,0.73,0.73,0.73,0.74,0.74,0.74,0.75,0.75,0.75
36, Andorra,,,,,,,,,,,0.81,0.82,0.82,0.83,0.83,0.83,0.84,0.84,0.84,0.84,0.84,0.84,0.86,0.86,0.86,0.86,0.87,0.86,0.87,0.87
148, Angola,,,,,,,,,,0.39,0.4,0.41,0.43,0.44,0.45,0.46,0.47,0.49,0.5,0.52,0.52,0.53,0.54,0.56,0.57,0.57,0.58,0.58,0.58,0.58
78, Antigua and Barbuda,,,,,,,,,,,,,,,,0.76,0.77,0.78,0.77,0.77,0.76,0.76,0.76,0.76,0.76,0.76,0.77,0.77,0.77,0.78
46, Argentina,0.72,0.73,0.73,0.74,0.74,0.74,0.75,0.76,0.76,0.77,0.78,0.79,0.78,0.79,0.79,0.79,0.81,0.82,0.82,0.82,0.83,0.84,0.83,0.84,0.84,0.84,0.84,0.84,0.84,0.85
81, Armenia,0.65,0.65,0.62,0.62,0.62,0.63,0.63,0.65,0.66,0.66,0.67,0.67,0.68,0.69,0.7,0.71,0.73,0.74,0.75,0.74,0.75,0.75,0.76,0.76,0.76,0.77,0.77,0.77,0.77,0.78
8, Australia,0.87,0.87,0.87,0.88,0.88,0.89,0.89,0.89,0.9,0.9,0.9,0.91,0.91,0.91,0.91,0.91,0.91,0.91,0.93,0.93,0.93,0.93,0.94,0.93,0.93,0.94,0.94,0.94,0.94,0.94
18, Austria,0.8,0.81,0.81,0.82,0.82,0.83,0.83,0.83,0.84,0.84,0.85,0.86,0.85,0.85,0.86,0.86,0.87,0.89,0.89,0.9,0.9,0.91,0.91,0.91,0.91,0.92,0.92,0.92,0.92,0.92
88, Azerbaijan,,,,,,0.6,0.61,0.61,0.62,0.63,0.64,0.64,0.65,0.66,0.67,0.67,0.7,0.71,0.72,0.73,0.73,0.73,0.73,0.74,0.74,0.74,0.75,0.75,0.75,0.76
58, Bahamas,,,,,,,,,,,0.8,0.8,0.8,0.8,0.8,0.8,0.8,0.8,0.8,0.8,0.81,0.81,0.81,0.81,0.81,0.81,0.81,0.81,0.81,0.81
42, Bahrain,0.75,0.76,0.76,0.77,0.77,0.78,0.78,0.78,0.79,0.79,0.8,0.8,0.8,0.8,0.8,0.8,0.8,0.8,0.8,0.8,0.8,0.8,0.81,0.82,0.82,0.85,0.85,0.85,0.85,0.85
133, Bangladesh,0.39,0.4,0.41,0.42,0.43,0.43,0.44,0.45,0.46,0.47,0.48,0.49,0.49,0.5,0.51,0.51,0.52,0.53,0.53,0.54,0.56,0.57,0.58,0.58,0.58,0.6,0.61,0.62,0.63,0.63
58, Barbados,0.73,0.73,0.73,0.74,0.74,0.75,0.75,0.76,0.75,0.76,0.77,0.77,0.77,0.78,0.78,0.79,0.79,0.8,0.8,0.8,0.8,0.8,0.81,0.81,0.81,0.81,0.81,0.81,0.81,0.81
53, Belarus,,,,,,0.66,0.66,0.67,0.67,0.68,0.69,0.69,0.7,0.71,0.72,0.73,0.74,0.76,0.78,0.79,0.8,0.8,0.81,0.81,0.81,0.81,0.82,0.82,0.82,0.82
14, Belgium,0.81,0.82,0.83,0.85,0.85,0.86,0.86,0.87,0.87,0.88,0.88,0.88,0.89,0.89,0.89,0.9,0.9,0.91,0.91,0.91,0.91,0.91,0.91,0.92,0.92,0.92,0.92,0.93,0.93,0.93
110, Belize,0.61,0.61,0.62,0.62,0.62,0.62,0.62,0.63,0.63,0.63,0.64,0.64,0.65,0.66,0.67,0.66,0.67,0.67,0.68,0.68,0.7,0.69,0.7,0.7,0.71,0.71,0.72,0.71,0.71,0.72
158, Benin,0.36,0.37,0.38,0.38,0.39,0.39,0.39,0.4,0.4,0.41,0.42,0.43,0.44,0.45,0.45,0.46,0.47,0.48,0.48,0.49,0.49,0.5,0.51,0.52,0.53,0.53,0.53,0.54,0.54,0.55
129, Bhutan,,,,,,,,,,,,,,,,0.52,0.53,0.54,0.55,0.56,0.57,0.59,0.6,0.61,0.62,0.63,0.64,0.65,0.65,0.65
107, Bolivia (Plurinational State of),0.55,0.56,0.57,0.57,0.58,0.59,0.6,0.6,0.61,0.62,0.63,0.63,0.64,0.64,0.64,0.64,0.65,0.65,0.66,0.66,0.67,0.67,0.68,0.68,0.69,0.7,0.7,0.71,0.71,0.72
73, Bosnia and Herzegovina,,,,,,,,,,,0.68,0.68,0.69,0.7,0.7,0.71,0.71,0.72,0.73,0.73,0.72,0.73,0.75,0.76,0.76,0.76,0.77,0.77,0.78,0.78
100, Botswana,0.57,0.58,0.58,0.58,0.57,0.58,0.58,0.58,0.58,0.58,0.58,0.58,0.58,0.59,0.59,0.6,0.62,0.63,0.64,0.65,0.66,0.68,0.69,0.7,0.71,0.72,0.72,0.73,0.73,0.74
84, Brazil,0.61,0.62,0.63,0.64,0.64,0.65,0.66,0.67,0.67,0.68,0.69,0.69,0.7,0.7,0.7,0.7,0.7,0.71,0.72,0.72,0.73,0.73,0.74,0.75,0.76,0.76,0.76,0.76,0.76,0.77
47, Brunei Darussalam,0.77,0.77,0.78,0.78,0.79,0.79,0.79,0.79,0.79,0.8,0.8,0.8,0.81,0.81,0.82,0.82,0.83,0.83,0.83,0.83,0.83,0.83,0.84,0.84,0.84,0.84,0.84,0.84,0.84,0.84
56, Bulgaria,0.71,0.71,0.71,0.7,0.71,0.71,0.72,0.71,0.72,0.72,0.72,0.73,0.74,0.75,0.75,0.76,0.77,0.77,0.78,0.78,0.79,0.79,0.8,0.8,0.81,0.81,0.81,0.81,0.81,0.82
182, Burkina Faso,,,,,,,,,,,0.29,0.3,0.3,0.31,0.32,0.33,0.34,0.35,0.36,0.37,0.38,0.39,0.4,0.41,0.41,0.42,0.43,0.44,0.44,0.45
185, Burundi,0.3,0.3,0.3,0.3,0.3,0.29,0.29,0.29,0.29,0.3,0.3,0.3,0.31,0.32,0.33,0.34,0.36,0.37,0.38,0.4,0.41,0.42,0.43,0.43,0.44,0.44,0.44,0.43,0.43,0.43
126, Cabo Verde,,,,,,,,,,,0.57,0.57,0.58,0.59,0.59,0.6,0.61,0.62,0.63,0.63,0.63,0.64,0.64,0.65,0.65,0.66,0.66,0.66,0.66,0.67
144, Cambodia,0.37,0.37,0.38,0.38,0.39,0.39,0.4,0.4,0.41,0.41,0.42,0.44,0.46,0.47,0.48,0.49,0.51,0.52,0.53,0.53,0.54,0.55,0.55,0.56,0.57,0.57,0.58,0.58,0.59,0.59
153, Cameroon,0.45,0.45,0.44,0.44,0.43,0.43,0.43,0.43,0.43,0.44,0.44,0.46,0.46,0.46,0.47,0.47,0.47,0.48,0.49,0.5,0.51,0.51,0.53,0.53,0.54,0.55,0.55,0.56,0.56,0.56
16, Canada,0.85,0.85,0.86,0.86,0.86,0.86,0.86,0.86,0.86,0.86,0.87,0.87,0.88,0.88,0.89,0.89,0.9,0.9,0.9,0.9,0.9,0.9,0.91,0.91,0.92,0.92,0.92,0.93,0.93,0.93
188, Central African Republic,0.33,0.33,0.32,0.32,0.32,0.32,0.32,0.32,0.32,0.32,0.33,0.33,0.33,0.33,0.33,0.34,0.34,0.35,0.35,0.36,0.37,0.37,0.38,0.36,0.37,0.38,0.38,0.39,0.4,0.4
187, Chad,,,,,,,,,,,0.29,0.3,0.31,0.31,0.32,0.33,0.33,0.34,0.35,0.36,0.37,0.38,0.39,0.39,0.4,0.4,0.39,0.4,0.4,0.4
43, Chile,0.71,0.72,0.72,0.72,0.72,0.73,0.74,0.74,0.74,0.75,0.76,0.77,0.77,0.78,0.79,0.79,0.79,0.8,0.81,0.82,0.8,0.82,0.82,0.83,0.84,0.84,0.85,0.85,0.85,0.85
85, China,0.5,0.51,0.52,0.53,0.53,0.55,0.55,0.56,0.57,0.58,0.59,0.6,0.61,0.62,0.63,0.64,0.65,0.67,0.68,0.69,0.7,0.71,0.72,0.72,0.73,0.74,0.75,0.75,0.76,0.76
83, Colombia,0.6,0.61,0.62,0.62,0.63,0.64,0.65,0.66,0.66,0.66,0.67,0.67,0.67,0.67,0.68,0.69,0.7,0.71,0.72,0.72,0.73,0.73,0.74,0.74,0.75,0.76,0.76,0.76,0.76,0.77
156, Comoros,,,,,,,,,,,0.47,0.47,0.48,0.48,0.48,0.49,0.5,0.5,0.51,0.51,0.52,0.53,0.54,0.54,0.54,0.55,0.55,0.55,0.55,0.55
149, Congo,0.5,0.5,0.5,0.49,0.49,0.47,0.47,0.47,0.48,0.47,0.46,0.47,0.47,0.47,0.47,0.47,0.47,0.49,0.5,0.51,0.52,0.52,0.54,0.55,0.56,0.58,0.58,0.57,0.57,0.57
175, Congo (Democratic Republic of the),0.37,0.37,0.36,0.36,0.35,0.35,0.35,0.35,0.35,0.35,0.35,0.35,0.36,0.37,0.37,0.38,0.39,0.4,0.41,0.42,0.44,0.44,0.44,0.45,0.46,0.46,0.47,0.48,0.48,0.48
62, Costa Rica,0.67,0.67,0.68,0.69,0.69,0.7,0.7,0.71,0.71,0.72,0.72,0.73,0.73,0.73,0.74,0.74,0.75,0.75,0.76,0.76,0.77,0.78,0.78,0.79,0.8,0.8,0.8,0.8,0.81,0.81
43, Croatia,0.68,0.67,0.67,0.67,0.69,0.7,0.72,0.73,0.74,0.75,0.76,0.77,0.77,0.78,0.79,0.79,0.8,0.81,0.81,0.81,0.82,0.82,0.83,0.83,0.84,0.84,0.84,0.85,0.85,0.85
70, Cuba,0.68,0.67,0.67,0.66,0.66,0.66,0.67,0.67,0.68,0.68,0.69,0.7,0.7,0.71,0.72,0.73,0.76,0.77,0.78,0.79,0.78,0.78,0.77,0.77,0.77,0.77,0.77,0.78,0.78,0.78
33, Cyprus,0.74,0.74,0.74,0.78,0.78,0.79,0.79,0.79,0.8,0.8,0.8,0.81,0.82,0.83,0.83,0.84,0.84,0.85,0.86,0.86,0.86,0.86,0.86,0.86,0.86,0.87,0.87,0.88,0.89,0.89
27, Czechia,0.74,0.73,0.74,0.74,0.75,0.76,0.78,0.78,0.78,0.79,0.8,0.81,0.82,0.83,0.83,0.84,0.85,0.86,0.86,0.87,0.87,0.87,0.87,0.88,0.89,0.89,0.89,0.9,0.9,0.9
162, Cï¿½te d'Ivoire,0.4,0.4,0.41,0.41,0.41,0.41,0.41,0.42,0.41,0.42,0.42,0.42,0.43,0.43,0.43,0.44,0.44,0.45,0.46,0.46,0.47,0.47,0.48,0.49,0.49,0.5,0.51,0.53,0.53,0.54
10, Denmark,0.81,0.81,0.82,0.82,0.83,0.84,0.84,0.85,0.86,0.87,0.87,0.88,0.89,0.9,0.91,0.91,0.91,0.91,0.92,0.91,0.92,0.93,0.93,0.93,0.94,0.93,0.94,0.94,0.94,0.94
166, Djibouti,,,,,,0.35,0.35,0.35,0.36,0.36,0.36,0.37,0.38,0.39,0.39,0.4,0.41,0.42,0.43,0.44,0.45,0.46,0.47,0.48,0.49,0.5,0.51,0.51,0.52,0.52
94, Dominica,,,,,,,,,,,0.7,0.71,0.71,0.71,0.71,0.72,0.72,0.73,0.73,0.73,0.74,0.74,0.74,0.74,0.74,0.74,0.74,0.74,0.74,0.74
88, Dominican Republic,0.6,0.6,0.61,0.62,0.62,0.63,0.64,0.64,0.65,0.65,0.66,0.66,0.67,0.67,0.67,0.68,0.69,0.69,0.7,0.7,0.71,0.71,0.71,0.72,0.73,0.74,0.74,0.75,0.75,0.76
86, Ecuador,0.65,0.65,0.65,0.66,0.66,0.67,0.67,0.67,0.68,0.67,0.68,0.68,0.68,0.69,0.69,0.7,0.7,0.71,0.72,0.72,0.73,0.73,0.75,0.75,0.76,0.76,0.76,0.76,0.76,0.76
116, Egypt,0.55,0.55,0.56,0.56,0.57,0.58,0.59,0.59,0.59,0.61,0.61,0.62,0.62,0.63,0.63,0.64,0.65,0.65,0.66,0.66,0.67,0.67,0.68,0.68,0.69,0.69,0.7,0.7,0.7,0.71
124, El Salvador,0.54,0.54,0.55,0.56,0.57,0.58,0.59,0.6,0.61,0.61,0.62,0.62,0.63,0.63,0.64,0.65,0.65,0.65,0.66,0.66,0.67,0.66,0.67,0.67,0.67,0.67,0.67,0.67,0.67,0.67
145, Equatorial Guinea,,,,,,,,,,,0.53,0.53,0.55,0.55,0.55,0.57,0.58,0.58,0.58,0.59,0.58,0.58,0.58,0.59,0.59,0.59,0.59,0.58,0.58,0.59
180, Eritrea,,,,,,,,,,,,,,,,0.43,0.43,0.43,0.43,0.44,0.44,0.44,0.44,0.45,0.46,0.45,0.46,0.45,0.46,0.46
29, Estonia,0.74,0.73,0.72,0.72,0.72,0.73,0.74,0.75,0.77,0.77,0.79,0.8,0.81,0.81,0.82,0.83,0.84,0.85,0.85,0.85,0.85,0.86,0.87,0.87,0.87,0.88,0.88,0.89,0.89,0.89
138, Eswatini (Kingdom of),0.54,0.54,0.54,0.53,0.53,0.52,0.52,0.5,0.49,0.48,0.47,0.45,0.44,0.44,0.45,0.46,0.47,0.48,0.49,0.5,0.51,0.52,0.54,0.55,0.57,0.58,0.59,0.6,0.61,0.61
173, Ethiopia,,,,,,,,,,,0.29,0.31,0.32,0.32,0.33,0.36,0.37,0.39,0.4,0.41,0.42,0.43,0.44,0.45,0.46,0.46,0.47,0.47,0.48,0.49
93, Fiji,0.66,0.67,0.67,0.68,0.68,0.69,0.69,0.69,0.69,0.69,0.7,0.7,0.7,0.7,0.71,0.71,0.71,0.71,0.71,0.72,0.72,0.72,0.72,0.73,0.73,0.74,0.74,0.74,0.74,0.74
11, Finland,0.79,0.79,0.8,0.81,0.82,0.82,0.83,0.84,0.85,0.85,0.86,0.87,0.87,0.88,0.9,0.91,0.91,0.92,0.92,0.91,0.92,0.92,0.92,0.93,0.93,0.93,0.93,0.94,0.94,0.94
26, France,0.79,0.8,0.8,0.81,0.83,0.83,0.84,0.84,0.85,0.85,0.85,0.85,0.85,0.86,0.86,0.87,0.87,0.87,0.88,0.88,0.88,0.88,0.89,0.89,0.89,0.9,0.89,0.9,0.9,0.9
119, Gabon,0.61,0.62,0.62,0.62,0.62,0.62,0.63,0.63,0.63,0.63,0.62,0.62,0.63,0.63,0.63,0.63,0.63,0.64,0.64,0.65,0.65,0.66,0.67,0.67,0.68,0.69,0.69,0.69,0.7,0.7
172, Gambia,0.35,0.35,0.36,0.36,0.37,0.37,0.38,0.38,0.39,0.4,0.4,0.41,0.42,0.42,0.43,0.44,0.44,0.45,0.45,0.46,0.46,0.46,0.46,0.47,0.47,0.47,0.48,0.48,0.49,0.5
61, Georgia,,,,,,,,,,,0.69,0.69,0.7,0.71,0.72,0.73,0.73,0.74,0.74,0.75,0.75,0.76,0.77,0.78,0.78,0.79,0.79,0.8,0.81,0.81
6, Germany,0.81,0.82,0.82,0.83,0.84,0.84,0.85,0.85,0.86,0.87,0.88,0.88,0.89,0.9,0.91,0.91,0.92,0.92,0.92,0.92,0.93,0.93,0.93,0.94,0.94,0.94,0.94,0.94,0.95,0.95
138, Ghana,0.47,0.47,0.47,0.48,0.48,0.48,0.48,0.49,0.49,0.49,0.49,0.49,0.5,0.5,0.51,0.52,0.53,0.54,0.55,0.56,0.57,0.57,0.58,0.59,0.59,0.59,0.6,0.6,0.61,0.61
32, Greece,0.76,0.77,0.77,0.77,0.77,0.78,0.78,0.79,0.8,0.8,0.8,0.81,0.83,0.83,0.84,0.85,0.86,0.86,0.87,0.87,0.87,0.86,0.87,0.87,0.88,0.88,0.87,0.88,0.88,0.89
74, Grenada,,,,,,,,,,,,,0.72,0.73,0.73,0.74,0.75,0.75,0.75,0.75,0.75,0.76,0.76,0.76,0.77,0.77,0.77,0.77,0.77,0.78
127, Guatemala,0.48,0.49,0.49,0.5,0.5,0.51,0.52,0.53,0.53,0.54,0.55,0.56,0.56,0.57,0.57,0.57,0.58,0.59,0.6,0.6,0.61,0.61,0.62,0.62,0.65,0.65,0.65,0.66,0.66,0.66
178, Guinea,0.28,0.29,0.29,0.3,0.3,0.31,0.31,0.32,0.33,0.33,0.34,0.35,0.36,0.35,0.37,0.38,0.39,0.4,0.41,0.41,0.42,0.43,0.44,0.45,0.45,0.46,0.47,0.47,0.47,0.48
175, Guinea-Bissau,,,,,,,,,,,,,,,,0.4,0.41,0.42,0.42,0.43,0.44,0.45,0.45,0.45,0.46,0.46,0.47,0.47,0.47,0.48
122, Guyana,0.55,0.54,0.56,0.57,0.58,0.59,0.6,0.6,0.61,0.61,0.62,0.62,0.62,0.62,0.63,0.63,0.63,0.63,0.64,0.64,0.65,0.66,0.66,0.67,0.67,0.67,0.68,0.68,0.68,0.68
170, Haiti,0.41,0.42,0.42,0.42,0.42,0.42,0.43,0.43,0.44,0.44,0.44,0.44,0.45,0.45,0.45,0.45,0.46,0.46,0.47,0.47,0.47,0.48,0.48,0.49,0.49,0.5,0.5,0.51,0.51,0.51
132, Honduras,0.52,0.52,0.52,0.53,0.53,0.54,0.55,0.55,0.56,0.56,0.57,0.57,0.58,0.58,0.59,0.59,0.6,0.61,0.6,0.61,0.61,0.61,0.61,0.61,0.62,0.62,0.63,0.63,0.63,0.63
4," Hong Kong, China (SAR)",0.78,0.79,0.79,0.8,0.81,0.81,0.81,0.82,0.82,0.82,0.83,0.84,0.85,0.85,0.87,0.87,0.89,0.89,0.9,0.9,0.9,0.91,0.91,0.92,0.93,0.93,0.94,0.94,0.95,0.95
40, Hungary,0.71,0.71,0.71,0.72,0.74,0.75,0.75,0.75,0.76,0.77,0.77,0.78,0.79,0.8,0.8,0.81,0.82,0.82,0.82,0.83,0.83,0.83,0.83,0.84,0.84,0.84,0.84,0.85,0.85,0.85
4, Iceland,0.81,0.82,0.82,0.82,0.83,0.83,0.84,0.85,0.86,0.86,0.87,0.87,0.88,0.89,0.89,0.9,0.9,0.91,0.9,0.9,0.9,0.91,0.92,0.93,0.93,0.93,0.94,0.94,0.95,0.95
131, India,0.43,0.43,0.44,0.45,0.45,0.46,0.47,0.47,0.48,0.49,0.5,0.5,0.51,0.52,0.53,0.54,0.55,0.56,0.56,0.57,0.58,0.59,0.6,0.6,0.62,0.62,0.63,0.64,0.64,0.65
107, Indonesia,0.52,0.53,0.53,0.54,0.55,0.56,0.57,0.59,0.59,0.59,0.6,0.61,0.62,0.62,0.63,0.63,0.64,0.64,0.65,0.66,0.67,0.67,0.68,0.69,0.69,0.7,0.7,0.71,0.71,0.72
70, Iran (Islamic Republic of),0.57,0.58,0.6,0.61,0.62,0.63,0.63,0.64,0.65,0.65,0.66,0.67,0.67,0.68,0.68,0.68,0.72,0.72,0.73,0.73,0.74,0.75,0.77,0.77,0.77,0.77,0.78,0.79,0.79,0.78
123, Iraq,0.56,0.51,0.53,0.55,0.55,0.54,0.56,0.57,0.58,0.59,0.6,0.6,0.6,0.59,0.62,0.62,0.62,0.62,0.63,0.63,0.64,0.64,0.65,0.65,0.65,0.65,0.66,0.67,0.67,0.67
2, Ireland,0.77,0.78,0.78,0.79,0.8,0.81,0.81,0.82,0.85,0.86,0.87,0.87,0.88,0.89,0.9,0.9,0.91,0.91,0.91,0.91,0.9,0.9,0.91,0.92,0.93,0.94,0.94,0.95,0.95,0.96
19, Israel,0.8,0.81,0.82,0.82,0.83,0.83,0.84,0.84,0.85,0.86,0.86,0.87,0.87,0.87,0.88,0.88,0.88,0.89,0.89,0.89,0.9,0.9,0.9,0.91,0.91,0.91,0.91,0.91,0.92,0.92
29, Italy,0.78,0.78,0.79,0.79,0.8,0.81,0.81,0.82,0.83,0.83,0.84,0.85,0.85,0.86,0.86,0.87,0.87,0.87,0.88,0.88,0.88,0.88,0.88,0.88,0.88,0.88,0.88,0.89,0.89,0.89
101, Jamaica,0.65,0.65,0.66,0.67,0.67,0.67,0.68,0.68,0.68,0.68,0.68,0.69,0.69,0.69,0.7,0.71,0.71,0.72,0.74,0.73,0.73,0.73,0.73,0.73,0.73,0.73,0.73,0.73,0.73,0.73
19, Japan,0.82,0.82,0.83,0.83,0.84,0.84,0.85,0.85,0.85,0.85,0.86,0.86,0.86,0.87,0.87,0.88,0.88,0.88,0.88,0.88,0.89,0.89,0.9,0.9,0.91,0.91,0.91,0.92,0.92,0.92
102, Jordan,0.63,0.64,0.66,0.67,0.68,0.69,0.7,0.7,0.7,0.71,0.71,0.72,0.72,0.72,0.73,0.74,0.74,0.74,0.75,0.74,0.74,0.73,0.74,0.73,0.73,0.73,0.73,0.73,0.73,0.73
51, Kazakhstan,0.69,0.68,0.68,0.68,0.67,0.66,0.67,0.67,0.67,0.68,0.69,0.7,0.71,0.73,0.74,0.75,0.75,0.76,0.76,0.76,0.76,0.77,0.78,0.79,0.8,0.81,0.81,0.82,0.82,0.83
143, Kenya,0.48,0.48,0.48,0.47,0.47,0.47,0.47,0.46,0.46,0.46,0.46,0.47,0.47,0.48,0.49,0.5,0.52,0.52,0.53,0.54,0.55,0.56,0.57,0.57,0.58,0.59,0.59,0.6,0.6,0.6
134, Kiribati,,,,,,,,,,,0.55,0.57,0.57,0.57,0.57,0.59,0.59,0.59,0.59,0.59,0.59,0.59,0.6,0.61,0.62,0.63,0.62,0.63,0.63,0.63
23, Korea (Republic of),0.73,0.74,0.75,0.76,0.77,0.78,0.79,0.81,0.8,0.81,0.82,0.83,0.84,0.84,0.85,0.86,0.87,0.88,0.88,0.88,0.89,0.9,0.9,0.9,0.9,0.91,0.91,0.91,0.91,0.92
64, Kuwait,0.71,0.67,0.66,0.69,0.72,0.75,0.77,0.78,0.78,0.78,0.78,0.78,0.78,0.79,0.79,0.78,0.79,0.79,0.79,0.79,0.79,0.79,0.8,0.79,0.8,0.8,0.8,0.81,0.81,0.81
120, Kyrgyzstan,0.64,0.63,0.63,0.61,0.6,0.59,0.59,0.6,0.61,0.61,0.62,0.63,0.63,0.64,0.64,0.64,0.65,0.65,0.66,0.66,0.66,0.66,0.67,0.68,0.69,0.69,0.69,0.69,0.7,0.7
137, Lao People's Democratic Republic,0.41,0.41,0.42,0.42,0.43,0.43,0.45,0.45,0.46,0.47,0.47,0.48,0.49,0.49,0.5,0.51,0.51,0.53,0.54,0.55,0.55,0.57,0.58,0.58,0.59,0.6,0.61,0.61,0.61,0.61
37, Latvia,0.71,0.71,0.69,0.67,0.68,0.68,0.69,0.7,0.71,0.72,0.74,0.75,0.77,0.78,0.8,0.81,0.82,0.83,0.83,0.83,0.82,0.83,0.83,0.84,0.85,0.85,0.85,0.86,0.86,0.87
92, Lebanon,,,,,,,,,,,,,,,,0.74,0.74,0.75,0.76,0.76,0.77,0.77,0.76,0.76,0.75,0.74,0.74,0.75,0.75,0.74
165, Lesotho,0.5,0.5,0.49,0.49,0.49,0.48,0.48,0.47,0.47,0.46,0.46,0.45,0.45,0.44,0.44,0.44,0.44,0.44,0.45,0.46,0.46,0.47,0.48,0.49,0.5,0.5,0.51,0.52,0.52,0.53
175, Liberia,,,,,,,,,,0.4,0.44,0.44,0.44,0.42,0.43,0.43,0.44,0.45,0.45,0.45,0.46,0.47,0.47,0.48,0.48,0.48,0.48,0.48,0.48,0.48
105, Libya,0.72,0.73,0.74,0.74,0.75,0.75,0.76,0.77,0.77,0.78,0.78,0.79,0.79,0.8,0.8,0.8,0.8,0.8,0.8,0.8,0.8,0.76,0.79,0.76,0.73,0.7,0.69,0.71,0.72,0.72
19, Liechtenstein,,,,,,,,,,,0.86,0.87,0.87,0.88,0.88,0.89,0.89,0.89,0.9,0.9,0.9,0.91,0.91,0.91,0.91,0.91,0.92,0.92,0.92,0.92
34, Lithuania,0.74,0.73,0.72,0.71,0.7,0.71,0.72,0.73,0.74,0.75,0.76,0.77,0.79,0.8,0.81,0.82,0.83,0.83,0.84,0.83,0.83,0.84,0.84,0.85,0.86,0.86,0.87,0.87,0.88,0.88
23, Luxembourg,0.8,0.8,0.81,0.81,0.82,0.82,0.83,0.84,0.84,0.86,0.86,0.87,0.87,0.87,0.88,0.88,0.88,0.89,0.89,0.89,0.9,0.9,0.9,0.9,0.9,0.91,0.91,0.91,0.91,0.92
164, Madagascar,,,,,,,,,,,0.46,0.47,0.46,0.47,0.48,0.49,0.49,0.5,0.51,0.51,0.51,0.51,0.51,0.52,0.52,0.52,0.52,0.53,0.53,0.53
174, Malawi,0.33,0.34,0.35,0.36,0.36,0.39,0.38,0.4,0.4,0.4,0.39,0.39,0.36,0.36,0.36,0.37,0.38,0.39,0.41,0.42,0.43,0.44,0.45,0.46,0.47,0.47,0.47,0.47,0.48,0.48
62, Malaysia,0.64,0.65,0.66,0.67,0.68,0.68,0.69,0.7,0.71,0.71,0.72,0.72,0.72,0.73,0.73,0.73,0.74,0.75,0.76,0.77,0.77,0.78,0.78,0.79,0.79,0.8,0.8,0.81,0.81,0.81
95, Maldives,,,,,,0.56,0.57,0.58,0.6,0.61,0.62,0.63,0.63,0.64,0.65,0.65,0.66,0.66,0.67,0.67,0.69,0.7,0.7,0.71,0.72,0.72,0.73,0.73,0.73,0.74
184, Mali,0.23,0.24,0.25,0.25,0.26,0.27,0.27,0.29,0.29,0.31,0.31,0.33,0.33,0.35,0.36,0.37,0.38,0.37,0.39,0.4,0.41,0.41,0.41,0.41,0.42,0.42,0.42,0.43,0.43,0.43
28, Malta,0.75,0.76,0.76,0.77,0.77,0.77,0.78,0.78,0.79,0.79,0.8,0.8,0.8,0.81,0.82,0.83,0.83,0.84,0.84,0.84,0.85,0.85,0.86,0.87,0.87,0.88,0.89,0.89,0.89,0.9
117, Marshall Islands,,,,,,,,,,,,,,,,,,,,,,,,,,,,0.7,0.7,0.7
157, Mauritania,0.4,0.4,0.41,0.42,0.44,0.44,0.45,0.45,0.46,0.46,0.46,0.46,0.47,0.47,0.48,0.49,0.5,0.5,0.49,0.5,0.51,0.51,0.52,0.53,0.53,0.54,0.54,0.54,0.54,0.55
66, Mauritius,0.62,0.63,0.64,0.64,0.65,0.65,0.66,0.66,0.67,0.67,0.68,0.69,0.69,0.7,0.71,0.72,0.72,0.73,0.74,0.75,0.75,0.76,0.77,0.78,0.79,0.79,0.79,0.8,0.8,0.8
74, Mexico,0.66,0.66,0.66,0.67,0.68,0.68,0.68,0.69,0.7,0.7,0.71,0.71,0.72,0.72,0.73,0.74,0.75,0.75,0.75,0.75,0.75,0.76,0.76,0.76,0.76,0.77,0.77,0.77,0.78,0.78
136, Micronesia (Federated States of),,,,,,,,,,,0.55,0.55,0.56,0.57,0.57,0.58,0.58,0.59,0.59,0.6,0.6,0.6,0.61,0.61,0.6,0.61,0.61,0.62,0.62,0.62
90, Moldova (Republic of),0.69,0.68,0.66,0.66,0.64,0.64,0.63,0.64,0.64,0.64,0.64,0.65,0.66,0.67,0.68,0.69,0.7,0.7,0.71,0.71,0.71,0.72,0.73,0.74,0.74,0.74,0.74,0.74,0.75,0.75
99, Mongolia,0.58,0.57,0.56,0.55,0.55,0.55,0.56,0.57,0.58,0.58,0.59,0.6,0.61,0.62,0.64,0.65,0.66,0.67,0.68,0.69,0.7,0.71,0.72,0.73,0.73,0.74,0.73,0.73,0.74,0.74
48, Montenegro,,,,,,,,,,,,,,,,,0.77,0.78,0.79,0.8,0.8,0.81,0.81,0.81,0.81,0.82,0.82,0.82,0.83,0.83
121, Morocco,0.46,0.46,0.47,0.47,0.48,0.49,0.5,0.5,0.51,0.52,0.53,0.54,0.55,0.56,0.57,0.58,0.59,0.59,0.6,0.61,0.62,0.63,0.64,0.64,0.65,0.66,0.67,0.67,0.68,0.69
181, Mozambique,0.23,0.23,0.23,0.23,0.24,0.25,0.26,0.28,0.29,0.3,0.31,0.32,0.33,0.34,0.35,0.36,0.37,0.38,0.39,0.39,0.4,0.4,0.4,0.42,0.43,0.43,0.44,0.45,0.45,0.46
147, Myanmar,0.34,0.35,0.36,0.37,0.38,0.38,0.39,0.39,0.4,0.4,0.41,0.42,0.43,0.44,0.45,0.46,0.47,0.48,0.49,0.5,0.52,0.53,0.53,0.54,0.55,0.56,0.56,0.57,0.58,0.58
130, Namibia,0.58,0.58,0.59,0.59,0.59,0.58,0.57,0.56,0.56,0.55,0.54,0.54,0.54,0.54,0.55,0.55,0.55,0.56,0.57,0.58,0.59,0.6,0.61,0.62,0.63,0.64,0.64,0.64,0.65,0.65
142, Nepal,0.39,0.4,0.4,0.41,0.41,0.42,0.43,0.44,0.44,0.45,0.45,0.45,0.46,0.47,0.48,0.48,0.49,0.5,0.51,0.52,0.54,0.55,0.56,0.57,0.58,0.58,0.59,0.59,0.6,0.6
8, Netherlands,0.84,0.84,0.84,0.85,0.87,0.87,0.87,0.87,0.87,0.88,0.88,0.89,0.89,0.89,0.89,0.9,0.9,0.91,0.91,0.91,0.92,0.93,0.93,0.93,0.93,0.93,0.94,0.94,0.94,0.94
14, New Zealand,0.83,0.83,0.83,0.84,0.85,0.86,0.86,0.87,0.87,0.87,0.88,0.88,0.89,0.89,0.89,0.9,0.9,0.9,0.9,0.91,0.91,0.91,0.91,0.91,0.92,0.92,0.92,0.93,0.93,0.93
128, Nicaragua,0.5,0.51,0.51,0.52,0.52,0.53,0.54,0.55,0.56,0.57,0.58,0.58,0.59,0.59,0.6,0.6,0.61,0.61,0.62,0.62,0.62,0.63,0.63,0.64,0.65,0.65,0.66,0.66,0.66,0.66
189, Niger,0.22,0.22,0.23,0.23,0.24,0.24,0.24,0.25,0.26,0.26,0.26,0.27,0.27,0.28,0.29,0.29,0.3,0.31,0.31,0.32,0.33,0.34,0.35,0.36,0.37,0.37,0.38,0.39,0.39,0.39
161, Nigeria,,,,,,,,,,,,,,0.45,0.46,0.47,0.47,0.48,0.48,0.49,0.48,0.49,0.5,0.52,0.52,0.53,0.53,0.53,0.53,0.54
82, North Macedonia,,,,,,,,,,,0.68,0.68,0.69,0.69,0.7,0.71,0.72,0.72,0.74,0.74,0.74,0.75,0.75,0.75,0.76,0.76,0.77,0.77,0.77,0.77
1, Norway,0.85,0.85,0.86,0.87,0.88,0.88,0.89,0.89,0.9,0.91,0.92,0.91,0.92,0.92,0.93,0.93,0.93,0.94,0.94,0.94,0.94,0.94,0.94,0.94,0.94,0.95,0.95,0.95,0.96,0.96
60, Oman,,,,,,,,,,,0.69,0.71,0.71,0.72,0.73,0.74,0.74,0.75,0.77,0.78,0.78,0.78,0.79,0.8,0.8,0.81,0.82,0.82,0.81,0.81
154, Pakistan,0.4,0.41,0.41,0.42,0.42,0.43,0.43,0.43,0.44,0.44,0.45,0.45,0.46,0.47,0.47,0.49,0.49,0.5,0.5,0.51,0.51,0.52,0.52,0.52,0.53,0.54,0.54,0.55,0.55,0.56
50, Palau,,,,,,,,,,,0.74,0.75,0.75,0.76,0.76,0.77,0.77,0.78,0.78,0.78,0.79,0.79,0.8,0.82,0.83,0.82,0.82,0.82,0.82,0.83
115," Palestine, State of",,,,,,,,,,,,,,,0.65,0.66,0.66,0.67,0.67,0.68,0.68,0.69,0.7,0.7,0.7,0.7,0.7,0.71,0.71,0.71
57, Panama,0.68,0.68,0.69,0.7,0.7,0.7,0.71,0.72,0.72,0.73,0.74,0.74,0.74,0.75,0.75,0.75,0.76,0.77,0.77,0.77,0.77,0.78,0.79,0.79,0.8,0.8,0.81,0.81,0.81,0.82
155, Papua New Guinea,0.38,0.39,0.4,0.41,0.42,0.43,0.43,0.44,0.44,0.45,0.45,0.46,0.46,0.47,0.47,0.48,0.49,0.5,0.5,0.51,0.52,0.53,0.52,0.54,0.54,0.55,0.55,0.55,0.55,0.56
103, Paraguay,0.6,0.6,0.61,0.62,0.62,0.63,0.63,0.64,0.64,0.64,0.64,0.65,0.66,0.66,0.67,0.67,0.67,0.68,0.68,0.68,0.7,0.7,0.7,0.71,0.72,0.72,0.72,0.73,0.73,0.73
79, Peru,0.61,0.62,0.62,0.63,0.64,0.65,0.65,0.66,0.67,0.68,0.68,0.69,0.69,0.69,0.69,0.7,0.7,0.7,0.72,0.72,0.72,0.73,0.74,0.75,0.76,0.76,0.77,0.77,0.77,0.78
107, Philippines,0.59,0.6,0.6,0.6,0.61,0.61,0.62,0.62,0.63,0.63,0.63,0.63,0.64,0.64,0.65,0.65,0.66,0.66,0.67,0.67,0.67,0.68,0.68,0.69,0.7,0.7,0.7,0.71,0.71,0.72
35, Poland,0.72,0.72,0.72,0.73,0.74,0.75,0.75,0.76,0.77,0.78,0.79,0.8,0.8,0.81,0.81,0.81,0.82,0.82,0.83,0.83,0.84,0.85,0.84,0.86,0.86,0.86,0.87,0.87,0.88,0.88
38, Portugal,0.72,0.73,0.74,0.75,0.76,0.77,0.77,0.78,0.79,0.79,0.79,0.8,0.8,0.81,0.81,0.81,0.81,0.81,0.82,0.82,0.83,0.83,0.84,0.84,0.85,0.85,0.86,0.86,0.86,0.86
45, Qatar,0.75,0.75,0.75,0.76,0.77,0.78,0.79,0.81,0.81,0.81,0.82,0.82,0.82,0.83,0.83,0.84,0.84,0.84,0.84,0.84,0.83,0.84,0.85,0.84,0.84,0.84,0.85,0.85,0.85,0.85
49, Romania,0.71,0.69,0.69,0.69,0.69,0.69,0.7,0.7,0.71,0.71,0.72,0.72,0.73,0.74,0.75,0.76,0.77,0.79,0.8,0.81,0.81,0.81,0.8,0.81,0.81,0.82,0.82,0.82,0.82,0.83
52, Russian Federation,0.74,0.73,0.72,0.71,0.7,0.7,0.7,0.71,0.71,0.71,0.72,0.73,0.73,0.74,0.75,0.75,0.76,0.77,0.78,0.77,0.78,0.79,0.8,0.8,0.81,0.81,0.82,0.82,0.82,0.82
160, Rwanda,0.25,0.22,0.2,0.2,0.19,0.23,0.26,0.29,0.31,0.33,0.34,0.35,0.37,0.38,0.4,0.41,0.43,0.45,0.46,0.48,0.49,0.5,0.51,0.52,0.52,0.53,0.53,0.54,0.54,0.54
74, Saint Kitts and Nevis,,,,,,,,,,,,,,,,0.71,0.72,0.72,0.74,0.74,0.75,0.75,0.75,0.76,0.77,0.77,0.77,0.77,0.77,0.78
86, Saint Lucia,,,,,,,,,,,0.7,0.69,0.69,0.7,0.7,0.7,0.71,0.71,0.73,0.73,0.73,0.74,0.73,0.73,0.74,0.75,0.75,0.76,0.76,0.76
97, Saint Vincent and the Grenadines,,,,,,,,,,,0.68,0.69,0.69,0.7,0.7,0.71,0.71,0.72,0.72,0.72,0.72,0.72,0.72,0.72,0.73,0.73,0.73,0.73,0.74,0.74
111, Samoa,0.63,0.63,0.63,0.64,0.62,0.62,0.63,0.64,0.64,0.65,0.65,0.66,0.66,0.67,0.67,0.68,0.68,0.69,0.69,0.69,0.7,0.7,0.7,0.7,0.7,0.71,0.71,0.71,0.71,0.72
135, Sao Tome and Principe,0.45,0.45,0.46,0.46,0.47,0.47,0.48,0.48,0.49,0.49,0.5,0.51,0.51,0.52,0.53,0.53,0.54,0.55,0.55,0.56,0.56,0.57,0.57,0.58,0.59,0.6,0.61,0.62,0.62,0.63
40, Saudi Arabia,0.7,0.71,0.71,0.71,0.72,0.72,0.73,0.73,0.74,0.74,0.74,0.75,0.75,0.76,0.76,0.77,0.78,0.78,0.79,0.8,0.81,0.82,0.84,0.85,0.85,0.86,0.86,0.85,0.85,0.85
168, Senegal,0.38,0.38,0.38,0.38,0.38,0.38,0.38,0.38,0.38,0.39,0.39,0.41,0.41,0.42,0.43,0.43,0.44,0.45,0.46,0.46,0.47,0.47,0.49,0.49,0.5,0.51,0.51,0.51,0.52,0.51
64, Serbia,0.72,0.72,0.71,0.69,0.69,0.7,0.7,0.71,0.71,0.71,0.72,0.72,0.73,0.73,0.74,0.75,0.75,0.76,0.76,0.77,0.77,0.78,0.78,0.78,0.78,0.79,0.8,0.8,0.8,0.81
67, Seychelles,,,,,,,,,,,0.71,0.71,0.71,0.71,0.72,0.73,0.72,0.75,0.75,0.75,0.76,0.77,0.76,0.78,0.78,0.79,0.79,0.79,0.79,0.8
182, Sierra Leone,0.29,0.28,0.28,0.28,0.28,0.29,0.28,0.28,0.28,0.29,0.3,0.31,0.33,0.34,0.35,0.35,0.36,0.38,0.39,0.39,0.4,0.41,0.42,0.43,0.44,0.43,0.43,0.44,0.45,0.45
11, Singapore,0.72,0.73,0.74,0.75,0.76,0.77,0.78,0.79,0.8,0.81,0.82,0.83,0.83,0.84,0.85,0.87,0.88,0.88,0.89,0.89,0.91,0.91,0.92,0.92,0.93,0.93,0.94,0.93,0.94,0.94
39, Slovakia,0.74,0.74,0.74,0.74,0.75,0.75,0.76,0.76,0.76,0.76,0.77,0.77,0.77,0.78,0.79,0.8,0.81,0.82,0.82,0.83,0.83,0.84,0.84,0.85,0.85,0.85,0.85,0.86,0.86,0.86
22, Slovenia,0.77,0.77,0.77,0.78,0.78,0.79,0.8,0.8,0.81,0.83,0.83,0.84,0.85,0.86,0.86,0.87,0.88,0.88,0.89,0.89,0.89,0.89,0.88,0.89,0.89,0.89,0.9,0.91,0.91,0.92
151, Solomon Islands,,,,,,,,,,0.49,0.48,0.48,0.49,0.49,0.5,0.51,0.52,0.53,0.52,0.52,0.54,0.54,0.55,0.56,0.56,0.56,0.56,0.56,0.56,0.57
114, South Africa,0.63,0.63,0.64,0.65,0.65,0.65,0.65,0.65,0.64,0.64,0.63,0.61,0.62,0.62,0.62,0.62,0.63,0.63,0.65,0.66,0.66,0.67,0.68,0.69,0.69,0.7,0.7,0.71,0.71,0.71
185, South Sudan,,,,,,,,,,,,,,,,,,,,,0.41,0.43,0.4,0.43,0.43,0.43,0.42,0.43,0.43,0.43
25, Spain,0.76,0.77,0.78,0.79,0.8,0.81,0.81,0.82,0.82,0.83,0.83,0.84,0.84,0.84,0.84,0.85,0.86,0.86,0.86,0.87,0.87,0.88,0.88,0.88,0.89,0.9,0.9,0.9,0.91,0.9
72, Sri Lanka,0.63,0.63,0.64,0.64,0.65,0.65,0.66,0.67,0.67,0.68,0.69,0.7,0.7,0.71,0.72,0.73,0.73,0.74,0.75,0.75,0.75,0.76,0.77,0.77,0.77,0.78,0.77,0.78,0.78,0.78
170, Sudan,0.33,0.34,0.34,0.35,0.36,0.37,0.37,0.38,0.39,0.4,0.4,0.41,0.42,0.42,0.43,0.44,0.44,0.45,0.46,0.47,0.47,0.47,0.49,0.49,0.5,0.5,0.51,0.51,0.51,0.51
97, Suriname,,,,,,,,,,,,,,,0.68,0.69,0.69,0.7,0.7,0.71,0.71,0.72,0.73,0.73,0.74,0.74,0.74,0.73,0.73,0.74
7, Sweden,0.82,0.82,0.83,0.85,0.86,0.86,0.87,0.88,0.89,0.9,0.9,0.91,0.91,0.91,0.9,0.9,0.91,0.91,0.91,0.91,0.91,0.91,0.91,0.93,0.94,0.94,0.94,0.94,0.94,0.95
2, Switzerland,0.84,0.84,0.85,0.85,0.85,0.86,0.86,0.87,0.88,0.89,0.9,0.9,0.9,0.91,0.91,0.91,0.92,0.92,0.93,0.94,0.94,0.94,0.94,0.95,0.94,0.95,0.95,0.95,0.96,0.96
151, Syrian Arab Republic,0.55,0.56,0.56,0.56,0.57,0.58,0.58,0.59,0.59,0.59,0.6,0.61,0.61,0.62,0.64,0.65,0.66,0.67,0.68,0.67,0.67,0.68,0.66,0.6,0.56,0.54,0.53,0.56,0.56,0.57
125, Tajikistan,0.62,0.61,0.59,0.58,0.56,0.55,0.54,0.54,0.54,0.55,0.56,0.56,0.57,0.59,0.6,0.61,0.62,0.62,0.64,0.63,0.64,0.64,0.64,0.65,0.65,0.65,0.65,0.66,0.66,0.67
163, Tanzania (United Republic of),0.37,0.37,0.37,0.37,0.37,0.37,0.37,0.37,0.38,0.38,0.39,0.4,0.41,0.42,0.43,0.44,0.45,0.46,0.47,0.47,0.48,0.49,0.5,0.5,0.5,0.51,0.52,0.52,0.52,0.53
79, Thailand,0.58,0.59,0.59,0.6,0.61,0.61,0.62,0.63,0.63,0.64,0.65,0.66,0.67,0.68,0.69,0.7,0.7,0.71,0.72,0.72,0.72,0.73,0.74,0.73,0.74,0.75,0.76,0.77,0.77,0.78
141, Timor-Leste,,,,,,,,,,,0.48,0.49,0.5,0.5,0.52,0.54,0.56,0.59,0.62,0.61,0.63,0.64,0.64,0.63,0.62,0.61,0.6,0.6,0.6,0.61
167, Togo,0.41,0.41,0.4,0.39,0.4,0.41,0.42,0.43,0.43,0.43,0.43,0.43,0.43,0.44,0.44,0.44,0.44,0.44,0.45,0.46,0.47,0.48,0.48,0.49,0.49,0.5,0.5,0.51,0.51,0.52
104, Tonga,0.65,0.66,0.66,0.67,0.67,0.68,0.68,0.68,0.68,0.68,0.68,0.68,0.68,0.69,0.68,0.68,0.68,0.69,0.69,0.69,0.7,0.7,0.71,0.71,0.71,0.72,0.72,0.72,0.72,0.73
67, Trinidad and Tobago,0.67,0.67,0.67,0.67,0.68,0.68,0.69,0.7,0.69,0.71,0.72,0.73,0.73,0.74,0.75,0.75,0.76,0.77,0.78,0.78,0.78,0.78,0.78,0.78,0.79,0.79,0.79,0.8,0.8,0.8
95, Tunisia,0.57,0.57,0.58,0.59,0.6,0.61,0.61,0.62,0.63,0.64,0.65,0.66,0.66,0.67,0.68,0.69,0.69,0.7,0.71,0.71,0.72,0.72,0.72,0.72,0.73,0.73,0.73,0.73,0.74,0.74
54, Turkey,0.58,0.59,0.59,0.6,0.6,0.61,0.62,0.63,0.64,0.65,0.66,0.67,0.68,0.68,0.69,0.7,0.7,0.71,0.71,0.72,0.74,0.75,0.77,0.79,0.8,0.8,0.81,0.81,0.82,0.82
111, Turkmenistan,,,,,,,,,,,,,,,,,,,,,0.67,0.67,0.68,0.69,0.69,0.69,0.7,0.7,0.71,0.72
159, Uganda,0.32,0.32,0.31,0.32,0.32,0.33,0.34,0.36,0.37,0.39,0.4,0.41,0.43,0.44,0.44,0.44,0.46,0.47,0.48,0.49,0.5,0.5,0.51,0.51,0.52,0.53,0.53,0.53,0.54,0.54
74, Ukraine,0.73,0.72,0.71,0.7,0.69,0.69,0.68,0.69,0.69,0.69,0.69,0.71,0.72,0.73,0.73,0.74,0.74,0.75,0.76,0.75,0.76,0.76,0.76,0.77,0.77,0.77,0.77,0.77,0.77,0.78
31, United Arab Emirates,0.72,0.74,0.74,0.75,0.76,0.76,0.77,0.77,0.77,0.78,0.78,0.79,0.79,0.8,0.8,0.81,0.81,0.82,0.82,0.82,0.82,0.83,0.83,0.84,0.85,0.86,0.86,0.88,0.89,0.89
13, United Kingdom,0.78,0.79,0.81,0.82,0.83,0.85,0.85,0.86,0.86,0.87,0.87,0.88,0.88,0.89,0.89,0.9,0.9,0.9,0.9,0.91,0.91,0.91,0.9,0.92,0.93,0.92,0.92,0.93,0.93,0.93
17, United States,0.87,0.87,0.87,0.88,0.88,0.88,0.88,0.89,0.89,0.89,0.89,0.89,0.89,0.89,0.9,0.9,0.9,0.91,0.91,0.91,0.92,0.92,0.92,0.92,0.92,0.92,0.92,0.92,0.93,0.93
55, Uruguay,0.69,0.7,0.7,0.71,0.71,0.71,0.72,0.73,0.74,0.74,0.74,0.75,0.75,0.75,0.76,0.76,0.76,0.77,0.77,0.78,0.78,0.79,0.79,0.8,0.8,0.81,0.81,0.81,0.82,0.82
106, Uzbekistan,,,,,,,,,,,0.6,0.61,0.61,0.62,0.63,0.63,0.64,0.65,0.65,0.66,0.67,0.68,0.69,0.69,0.7,0.7,0.71,0.71,0.72,0.72
140, Vanuatu,,,,,,,,,,,,,,,,0.57,0.58,0.58,0.59,0.59,0.59,0.59,0.59,0.59,0.59,0.6,0.6,0.6,0.6,0.61
113, Venezuela (Bolivarian Republic of),0.64,0.65,0.66,0.66,0.66,0.67,0.67,0.67,0.67,0.67,0.68,0.68,0.69,0.69,0.7,0.72,0.73,0.75,0.76,0.76,0.76,0.77,0.77,0.78,0.78,0.77,0.76,0.74,0.73,0.71
117, Viet Nam,0.48,0.49,0.5,0.51,0.53,0.54,0.55,0.55,0.57,0.57,0.59,0.59,0.6,0.61,0.62,0.62,0.63,0.64,0.65,0.66,0.66,0.67,0.68,0.68,0.68,0.69,0.69,0.7,0.7,0.7
179, Yemen,0.4,0.4,0.4,0.41,0.41,0.41,0.42,0.43,0.43,0.44,0.44,0.45,0.46,0.47,0.48,0.48,0.49,0.49,0.5,0.5,0.51,0.51,0.5,0.51,0.5,0.48,0.47,0.47,0.47,0.47
146, Zambia,0.42,0.42,0.42,0.42,0.41,0.42,0.42,0.42,0.42,0.42,0.43,0.43,0.44,0.45,0.46,0.47,0.48,0.49,0.5,0.52,0.53,0.53,0.55,0.56,0.56,0.57,0.57,0.58,0.58,0.58
150, Zimbabwe,0.48,0.48,0.47,0.46,0.46,0.45,0.45,0.45,0.44,0.44,0.43,0.43,0.42,0.41,0.41,0.41,0.41,0.42,0.42,0.46,0.48,0.5,0.53,0.54,0.55,0.55,0.56,0.56,0.57,0.57