{
    "$schema": "https://vega.github.io/schema/vega-lite/v5.json",
    "title": "Nuclear Reactor Count by Country (2021)",
    "width": "container",
    "height": "container",
    "projection": {"type": "equirectangular"},
    "data": {
      "url": "https://raw.githubusercontent.com/lee-jian-hui/FIT3179-project-vis-2/master/code/js/ne_110m_admin_0_countries.topojson",
      "format": {"type": "topojson", "feature": "ne_110m_admin_0_countries"}
    },
    "transform": [
      {
        "lookup": "properties.NAME",
        "from": {
          "data": {
            "url": "https://raw.githubusercontent.com/lee-jian-hui/FIT3179-project-vis-2/master/code/data/country_and_reactor_freq.csv"
          },
          "key": "Country",
          "fields": ["nuclear_reactor_freq"]
        }
      },
      {"calculate": "datum.nuclear_reactor_freq ", "as": "Nuclear Reactor Frequency"}
    ],
  
    
    "layer":[
      {
        "mark": {"type": "geoshape"},
        "encoding": {
          "color": {
            "field": "Nuclear Reactor Frequency",
            "type": "quantitative",
            "scale": { "scheme": "darkgold", "type": "linear"}    
          },
          "tooltip": [
            {"field": "properties.NAME", "type": "nominal", "title": "Country"},
            {"field": "Nuclear Reactor Frequency", "type": "quantitative"}
          ]
        }
      }
    ]
  }