{
  "$schema": "https://vega.github.io/schema/vega/v5.json",
  "description": "A basic donut chart example.",
  "width": 400,
  "height": 400,

  "config": {
    "legend": true
  },

  "signals": [
    {
      "name": "startAngle", "value": 0,
      "bind": {"input": "range", "min": 0, "max": 6.29, "step": 0.01}
    },
    {
      "name": "endAngle", "value": 6.29,
      "bind": {"input": "range", "min": 0, "max": 6.29, "step": 0.01}
    },
    {
      "name": "padAngle", "value": 0,
      "bind": {"input": "range", "min": 0, "max": 0.1}
    },
    {
      "name": "innerRadius", "value": 60,
      "bind": {"input": "range", "min": 0, "max": 90, "step": 1}
    },
    {
      "name": "cornerRadius", "value": 0,
      "bind": {"input": "range", "min": 0, "max": 10, "step": 0.5}
    },
    {
      "name": "sort", "value": false,
      "bind": {"input": "checkbox"}
    }
  ],

  "data": [
    {
      "name": "data",
      "url": "https://raw.githubusercontent.com/lee-jian-hui/FIT3179-project-vis-2/master/code/data/death-rates-from-energy-production-per-twh.json",
      "transform": [
        {
          "type": "pie",
          "field": "Deaths per twh",
          "startAngle": {"signal": "startAngle"},
          "endAngle": {"signal": "endAngle"},
          "sort": {"signal": "sort"}
        }
      ]
    }
  ],

  "scales": [
      {
        "name": "color",
        "type": "ordinal",
        "domain": {"data": "data", "field": "id"},
        "range": {"scheme": "category20"}
      }
  ],

  "marks": [
    {
      "type": "arc",
      "from": {"data": "data"},
      "encode": {
          "enter": {
              "fill": {"scale": "color", "field": "id"},
              "x": {"signal": "width / 2"},
              "y": {"signal": "height / 2"}
          },
          "update": {
              "startAngle": {"field": "startAngle"},
              "endAngle": {"field": "endAngle"},
              "padAngle": {"signal": "padAngle"},
              "innerRadius": {"signal": "innerRadius"},
              "outerRadius": {"signal": "width / 2"},
              "cornerRadius": {"signal": "cornerRadius"}
          }
      }
    }
  ]
}