iso_code,country,year,Energy Type,Energy Consumption (TwH)
OWID_WRL,World,1965,biofuel_consumption,0.0
OWID_WRL,World,1965,coal_consumption,16140.191
OWID_WRL,World,1965,energy_per_capita,12949.971
OWID_WRL,World,1965,energy_per_gdp,2.574
OWID_WRL,World,1965,fossil_fuel_consumption,40552.638
OWID_WRL,World,1965,gas_consumption,6303.804
OWID_WRL,World,1965,hydro_consumption,2564.441
OWID_WRL,World,1965,low_carbon_consumption,2685.343
OWID_WRL,World,1965,nuclear_consumption,70.944
OWID_WRL,World,1965,oil_consumption,18108.643
OWID_WRL,World,1965,other_renewable_consumption,49.959
OWID_WRL,World,1965,renewables_consumption,2614.4
OWID_WRL,World,1965,solar_consumption,0.0
OWID_WRL,World,1965,wind_consumption,0.0
OWID_WRL,World,1966,biofuel_consumption,0.0
OWID_WRL,World,1966,coal_consumption,16324.107
OWID_WRL,World,1966,energy_per_capita,13375.477
OWID_WRL,World,1966,energy_per_gdp,2.575
OWID_WRL,World,1966,fossil_fuel_consumption,42689.378
OWID_WRL,World,1966,gas_consumption,6868.8
OWID_WRL,World,1966,hydro_consumption,2732.827
OWID_WRL,World,1966,low_carbon_consumption,2883.492
OWID_WRL,World,1966,nuclear_consumption,95.648
OWID_WRL,World,1966,oil_consumption,19496.471
OWID_WRL,World,1966,other_renewable_consumption,55.017
OWID_WRL,World,1966,renewables_consumption,2787.844
OWID_WRL,World,1966,solar_consumption,0.0
OWID_WRL,World,1966,wind_consumption,0.0
OWID_WRL,World,1967,biofuel_consumption,0.0
OWID_WRL,World,1967,coal_consumption,16060.823
OWID_WRL,World,1967,energy_per_capita,13596.333
OWID_WRL,World,1967,energy_per_gdp,2.571
OWID_WRL,World,1967,fossil_fuel_consumption,44325.448
OWID_WRL,World,1967,gas_consumption,7374.045
OWID_WRL,World,1967,hydro_consumption,2793.732
OWID_WRL,World,1967,low_carbon_consumption,2963.156
OWID_WRL,World,1967,nuclear_consumption,113.906
OWID_WRL,World,1967,oil_consumption,20890.58
OWID_WRL,World,1967,other_renewable_consumption,55.518
OWID_WRL,World,1967,renewables_consumption,2849.25
OWID_WRL,World,1967,solar_consumption,0.0
OWID_WRL,World,1967,wind_consumption,0.0
OWID_WRL,World,1968,biofuel_consumption,0.0
OWID_WRL,World,1968,coal_consumption,16301.16
OWID_WRL,World,1968,energy_per_capita,14128.77
OWID_WRL,World,1968,energy_per_gdp,2.573
OWID_WRL,World,1968,fossil_fuel_consumption,47020.964
OWID_WRL,World,1968,gas_consumption,8044.338
OWID_WRL,World,1968,hydro_consumption,2942.472
OWID_WRL,World,1968,low_carbon_consumption,3148.675
OWID_WRL,World,1968,nuclear_consumption,144.759
OWID_WRL,World,1968,oil_consumption,22675.466
OWID_WRL,World,1968,other_renewable_consumption,61.445
OWID_WRL,World,1968,renewables_consumption,3003.916
OWID_WRL,World,1968,solar_consumption,0.0
OWID_WRL,World,1968,wind_consumption,0.0
OWID_WRL,World,1969,biofuel_consumption,0.0
OWID_WRL,World,1969,coal_consumption,16798.749
OWID_WRL,World,1969,energy_per_capita,14775.572
OWID_WRL,World,1969,energy_per_gdp,2.601
OWID_WRL,World,1969,fossil_fuel_consumption,50209.059
OWID_WRL,World,1969,gas_consumption,8833.425
OWID_WRL,World,1969,hydro_consumption,3115.956
OWID_WRL,World,1969,low_carbon_consumption,3352.182
OWID_WRL,World,1969,nuclear_consumption,171.621
OWID_WRL,World,1969,oil_consumption,24576.884
OWID_WRL,World,1969,other_renewable_consumption,64.606
OWID_WRL,World,1969,renewables_consumption,3180.561
OWID_WRL,World,1969,solar_consumption,0.0
OWID_WRL,World,1969,wind_consumption,0.0
OWID_WRL,World,1970,biofuel_consumption,0.0
OWID_WRL,World,1970,coal_consumption,17058.622
OWID_WRL,World,1970,energy_per_capita,15389.117
OWID_WRL,World,1970,energy_per_gdp,2.612
OWID_WRL,World,1970,fossil_fuel_consumption,53381.484
OWID_WRL,World,1970,gas_consumption,9614.799
OWID_WRL,World,1970,hydro_consumption,3262.913
OWID_WRL,World,1970,low_carbon_consumption,3553.379
OWID_WRL,World,1970,nuclear_consumption,219.096
OWID_WRL,World,1970,oil_consumption,26708.063
OWID_WRL,World,1970,other_renewable_consumption,71.37
OWID_WRL,World,1970,renewables_consumption,3334.283
OWID_WRL,World,1970,solar_consumption,0.0
OWID_WRL,World,1970,wind_consumption,0.0
OWID_WRL,World,1971,biofuel_consumption,0.0
OWID_WRL,World,1971,coal_consumption,16965.973
OWID_WRL,World,1971,energy_per_capita,15696.423
OWID_WRL,World,1971,energy_per_gdp,2.599
OWID_WRL,World,1971,fossil_fuel_consumption,55463.017
OWID_WRL,World,1971,gas_consumption,10292.201
OWID_WRL,World,1971,hydro_consumption,3408.517
OWID_WRL,World,1971,low_carbon_consumption,3790.693
OWID_WRL,World,1971,nuclear_consumption,304.734
OWID_WRL,World,1971,oil_consumption,28204.844
OWID_WRL,World,1971,other_renewable_consumption,77.442
OWID_WRL,World,1971,renewables_consumption,3485.959
OWID_WRL,World,1971,solar_consumption,0.0
OWID_WRL,World,1971,wind_consumption,0.0
OWID_WRL,World,1972,biofuel_consumption,0.0
OWID_WRL,World,1972,coal_consumption,17154.346
OWID_WRL,World,1972,energy_per_capita,16221.962
OWID_WRL,World,1972,energy_per_gdp,2.603
OWID_WRL,World,1972,fossil_fuel_consumption,58393.68
OWID_WRL,World,1972,gas_consumption,10861.368
OWID_WRL,World,1972,hydro_consumption,3568.421
OWID_WRL,World,1972,low_carbon_consumption,4074.122
OWID_WRL,World,1972,nuclear_consumption,422.709
OWID_WRL,World,1972,oil_consumption,30377.966
OWID_WRL,World,1972,other_renewable_consumption,82.992
OWID_WRL,World,1972,renewables_consumption,3651.413
OWID_WRL,World,1972,solar_consumption,0.0
OWID_WRL,World,1972,wind_consumption,0.0
OWID_WRL,World,1973,biofuel_consumption,0.0
OWID_WRL,World,1973,coal_consumption,17667.864
OWID_WRL,World,1973,energy_per_capita,16823.47
OWID_WRL,World,1973,energy_per_gdp,2.571
OWID_WRL,World,1973,fossil_fuel_consumption,61790.732
OWID_WRL,World,1973,gas_consumption,11376.729
OWID_WRL,World,1973,hydro_consumption,3619.474
OWID_WRL,World,1973,low_carbon_consumption,4274.992
OWID_WRL,World,1973,nuclear_consumption,566.394
OWID_WRL,World,1973,oil_consumption,32746.14
OWID_WRL,World,1973,other_renewable_consumption,89.125
OWID_WRL,World,1973,renewables_consumption,3708.599
OWID_WRL,World,1973,solar_consumption,0.0
OWID_WRL,World,1973,wind_consumption,0.0
OWID_WRL,World,1974,biofuel_consumption,0.0
OWID_WRL,World,1974,coal_consumption,17682.065
OWID_WRL,World,1974,energy_per_capita,16592.805
OWID_WRL,World,1974,energy_per_gdp,2.488
OWID_WRL,World,1974,fossil_fuel_consumption,61610.765
OWID_WRL,World,1974,gas_consumption,11656.257
OWID_WRL,World,1974,hydro_consumption,3975.739
OWID_WRL,World,1974,low_carbon_consumption,4810.626
OWID_WRL,World,1974,nuclear_consumption,740.556
OWID_WRL,World,1974,oil_consumption,32272.443
OWID_WRL,World,1974,other_renewable_consumption,94.33
OWID_WRL,World,1974,renewables_consumption,4070.069
OWID_WRL,World,1974,solar_consumption,0.0
OWID_WRL,World,1974,wind_consumption,0.0
OWID_WRL,World,1975,biofuel_consumption,0.0
OWID_WRL,World,1975,coal_consumption,18024.552
OWID_WRL,World,1975,energy_per_capita,16373.159
OWID_WRL,World,1975,energy_per_gdp,2.447
OWID_WRL,World,1975,fossil_fuel_consumption,61634.069
OWID_WRL,World,1975,gas_consumption,11661.084
OWID_WRL,World,1975,hydro_consumption,4024.697
OWID_WRL,World,1975,low_carbon_consumption,5147.842
OWID_WRL,World,1975,nuclear_consumption,1027.357
OWID_WRL,World,1975,oil_consumption,31948.433
OWID_WRL,World,1975,other_renewable_consumption,95.788
OWID_WRL,World,1975,renewables_consumption,4120.485
OWID_WRL,World,1975,solar_consumption,0.0
OWID_WRL,World,1975,wind_consumption,0.0
OWID_WRL,World,1976,biofuel_consumption,0.0
OWID_WRL,World,1976,coal_consumption,18688.5
OWID_WRL,World,1976,energy_per_capita,16945.56
OWID_WRL,World,1976,energy_per_gdp,2.462
OWID_WRL,World,1976,fossil_fuel_consumption,65073.273
OWID_WRL,World,1976,gas_consumption,12355.072
OWID_WRL,World,1976,hydro_consumption,4008.711
OWID_WRL,World,1976,low_carbon_consumption,5317.413
OWID_WRL,World,1976,nuclear_consumption,1201.866
OWID_WRL,World,1976,oil_consumption,34029.701
OWID_WRL,World,1976,other_renewable_consumption,106.836
OWID_WRL,World,1976,renewables_consumption,4115.547
OWID_WRL,World,1976,solar_consumption,0.0
OWID_WRL,World,1976,wind_consumption,0.0
OWID_WRL,World,1977,biofuel_consumption,0.0
OWID_WRL,World,1977,coal_consumption,19241.309
OWID_WRL,World,1977,energy_per_capita,17256.216
OWID_WRL,World,1977,energy_per_gdp,2.449
OWID_WRL,World,1977,fossil_fuel_consumption,67216.572
OWID_WRL,World,1977,gas_consumption,12760.638
OWID_WRL,World,1977,hydro_consumption,4143.536
OWID_WRL,World,1977,low_carbon_consumption,5752.177
OWID_WRL,World,1977,nuclear_consumption,1495.967
OWID_WRL,World,1977,oil_consumption,35214.625
OWID_WRL,World,1977,other_renewable_consumption,112.674
OWID_WRL,World,1977,renewables_consumption,4256.209
OWID_WRL,World,1977,solar_consumption,0.0
OWID_WRL,World,1977,wind_consumption,0.0
OWID_WRL,World,1978,biofuel_consumption,0.0
OWID_WRL,World,1978,coal_consumption,19457.913
OWID_WRL,World,1978,energy_per_capita,17549.601
OWID_WRL,World,1978,energy_per_gdp,2.429
OWID_WRL,World,1978,fossil_fuel_consumption,69179.136
OWID_WRL,World,1978,gas_consumption,13295.429
OWID_WRL,World,1978,hydro_consumption,4484.414
OWID_WRL,World,1978,low_carbon_consumption,6342.096
OWID_WRL,World,1978,nuclear_consumption,1738.319
OWID_WRL,World,1978,oil_consumption,36425.795
OWID_WRL,World,1978,other_renewable_consumption,119.354
OWID_WRL,World,1978,renewables_consumption,4603.776
OWID_WRL,World,1978,solar_consumption,0.0
OWID_WRL,World,1978,wind_consumption,0.008
OWID_WRL,World,1979,biofuel_consumption,0.0
OWID_WRL,World,1979,coal_consumption,20363.547
OWID_WRL,World,1979,energy_per_capita,17847.088
OWID_WRL,World,1979,energy_per_gdp,2.42
OWID_WRL,World,1979,fossil_fuel_consumption,71507.525
OWID_WRL,World,1979,gas_consumption,14119.884
OWID_WRL,World,1979,hydro_consumption,4708.863
OWID_WRL,World,1979,low_carbon_consumption,6645.073
OWID_WRL,World,1979,nuclear_consumption,1807.946
OWID_WRL,World,1979,oil_consumption,37024.093
OWID_WRL,World,1979,other_renewable_consumption,128.248
OWID_WRL,World,1979,renewables_consumption,4837.128
OWID_WRL,World,1979,solar_consumption,0.0
OWID_WRL,World,1979,wind_consumption,0.017
OWID_WRL,World,1980,biofuel_consumption,0.0
OWID_WRL,World,1980,coal_consumption,20857.619
OWID_WRL,World,1980,energy_per_capita,17413.264
OWID_WRL,World,1980,energy_per_gdp,2.345
OWID_WRL,World,1980,fossil_fuel_consumption,70672.85
OWID_WRL,World,1980,gas_consumption,14237.999
OWID_WRL,World,1980,hydro_consumption,4810.15
OWID_WRL,World,1980,low_carbon_consumption,6924.929
OWID_WRL,World,1980,nuclear_consumption,1977.569
OWID_WRL,World,1980,oil_consumption,35577.233
OWID_WRL,World,1980,other_renewable_consumption,137.182
OWID_WRL,World,1980,renewables_consumption,4947.36
OWID_WRL,World,1980,solar_consumption,0.0
OWID_WRL,World,1980,wind_consumption,0.029
OWID_WRL,World,1981,biofuel_consumption,0.0
OWID_WRL,World,1981,coal_consumption,21149.69
OWID_WRL,World,1981,energy_per_capita,17030.072
OWID_WRL,World,1981,energy_per_gdp,2.313
OWID_WRL,World,1981,fossil_fuel_consumption,69840.694
OWID_WRL,World,1981,gas_consumption,14395.129
OWID_WRL,World,1981,hydro_consumption,4913.625
OWID_WRL,World,1981,low_carbon_consumption,7396.727
OWID_WRL,World,1981,nuclear_consumption,2335.421
OWID_WRL,World,1981,oil_consumption,34295.875
OWID_WRL,World,1981,other_renewable_consumption,147.652
OWID_WRL,World,1981,renewables_consumption,5061.306
OWID_WRL,World,1981,solar_consumption,0.0
OWID_WRL,World,1981,wind_consumption,0.029
OWID_WRL,World,1982,biofuel_consumption,0.0
OWID_WRL,World,1982,coal_consumption,21384.44
OWID_WRL,World,1982,energy_per_capita,16631.477
OWID_WRL,World,1982,energy_per_gdp,2.292
OWID_WRL,World,1982,fossil_fuel_consumption,69051.151
OWID_WRL,World,1982,gas_consumption,14468.777
OWID_WRL,World,1982,hydro_consumption,5002.529
OWID_WRL,World,1982,low_carbon_consumption,7706.883
OWID_WRL,World,1982,nuclear_consumption,2533.829
OWID_WRL,World,1982,oil_consumption,33197.934
OWID_WRL,World,1982,other_renewable_consumption,170.474
OWID_WRL,World,1982,renewables_consumption,5173.054
OWID_WRL,World,1982,solar_consumption,0.0
OWID_WRL,World,1982,wind_consumption,0.051
OWID_WRL,World,1983,biofuel_consumption,0.0
OWID_WRL,World,1983,coal_consumption,22045.022
OWID_WRL,World,1983,energy_per_capita,16605.477
OWID_WRL,World,1983,energy_per_gdp,2.282
OWID_WRL,World,1983,fossil_fuel_consumption,69716.562
OWID_WRL,World,1983,gas_consumption,14702.803
OWID_WRL,World,1983,hydro_consumption,5216.03
OWID_WRL,World,1983,low_carbon_consumption,8276.773
OWID_WRL,World,1983,nuclear_consumption,2871.704
OWID_WRL,World,1983,oil_consumption,32968.737
OWID_WRL,World,1983,other_renewable_consumption,188.939
OWID_WRL,World,1983,renewables_consumption,5405.069
OWID_WRL,World,1983,solar_consumption,0.008
OWID_WRL,World,1983,wind_consumption,0.091
OWID_WRL,World,1984,biofuel_consumption,0.0
OWID_WRL,World,1984,coal_consumption,22999.527
OWID_WRL,World,1984,energy_per_capita,17095.12
OWID_WRL,World,1984,energy_per_gdp,2.31
OWID_WRL,World,1984,fossil_fuel_consumption,72639.879
OWID_WRL,World,1984,gas_consumption,15901.561
OWID_WRL,World,1984,hydro_consumption,5392.714
OWID_WRL,World,1984,low_carbon_consumption,9088.908
OWID_WRL,World,1984,nuclear_consumption,3484.915
OWID_WRL,World,1984,oil_consumption,33738.791
OWID_WRL,World,1984,other_renewable_consumption,211.137
OWID_WRL,World,1984,renewables_consumption,5603.993
OWID_WRL,World,1984,solar_consumption,0.018
OWID_WRL,World,1984,wind_consumption,0.124
OWID_WRL,World,1985,biofuel_consumption,0.0
OWID_WRL,World,1985,coal_consumption,23986.182
OWID_WRL,World,1985,energy_per_capita,17235.385
OWID_WRL,World,1985,energy_per_gdp,2.3
OWID_WRL,World,1985,fossil_fuel_consumption,74036.273
OWID_WRL,World,1985,gas_consumption,16260.907
OWID_WRL,World,1985,hydro_consumption,5499.379
OWID_WRL,World,1985,low_carbon_consumption,9851.576
OWID_WRL,World,1985,nuclear_consumption,4135.897
OWID_WRL,World,1985,oil_consumption,33789.184
OWID_WRL,World,1985,other_renewable_consumption,216.09
OWID_WRL,World,1985,renewables_consumption,5715.68
OWID_WRL,World,1985,solar_consumption,0.033
OWID_WRL,World,1985,wind_consumption,0.178
OWID_WRL,World,1986,biofuel_consumption,0.0
OWID_WRL,World,1986,coal_consumption,24256.05
OWID_WRL,World,1986,energy_per_capita,17296.598
OWID_WRL,World,1986,energy_per_gdp,2.27
OWID_WRL,World,1986,fossil_fuel_consumption,75478.664
OWID_WRL,World,1986,gas_consumption,16419.892
OWID_WRL,World,1986,hydro_consumption,5573.815
OWID_WRL,World,1986,low_carbon_consumption,10241.787
OWID_WRL,World,1986,nuclear_consumption,4429.825
OWID_WRL,World,1986,oil_consumption,34802.722
OWID_WRL,World,1986,other_renewable_consumption,237.72
OWID_WRL,World,1986,renewables_consumption,5811.962
OWID_WRL,World,1986,solar_consumption,0.042
OWID_WRL,World,1986,wind_consumption,0.386
OWID_WRL,World,1987,biofuel_consumption,0.0
OWID_WRL,World,1987,coal_consumption,25210.286
OWID_WRL,World,1987,energy_per_capita,17574.466
OWID_WRL,World,1987,energy_per_gdp,2.259
OWID_WRL,World,1987,fossil_fuel_consumption,77990.38
OWID_WRL,World,1987,gas_consumption,17280.611
OWID_WRL,World,1987,hydro_consumption,5649.189
OWID_WRL,World,1987,low_carbon_consumption,10723.032
OWID_WRL,World,1987,nuclear_consumption,4818.707
OWID_WRL,World,1987,oil_consumption,35499.484
OWID_WRL,World,1987,other_renewable_consumption,254.564
OWID_WRL,World,1987,renewables_consumption,5904.325
OWID_WRL,World,1987,solar_consumption,0.029
OWID_WRL,World,1987,wind_consumption,0.543
OWID_WRL,World,1988,biofuel_consumption,0.0
OWID_WRL,World,1988,coal_consumption,25964.647
OWID_WRL,World,1988,energy_per_capita,17916.469
OWID_WRL,World,1988,energy_per_gdp,2.248
OWID_WRL,World,1988,fossil_fuel_consumption,80755.347
OWID_WRL,World,1988,gas_consumption,18087.621
OWID_WRL,World,1988,hydro_consumption,5829.785
OWID_WRL,World,1988,low_carbon_consumption,11346.1
OWID_WRL,World,1988,nuclear_consumption,5253.474
OWID_WRL,World,1988,oil_consumption,36703.079
OWID_WRL,World,1988,other_renewable_consumption,261.891
OWID_WRL,World,1988,renewables_consumption,6092.626
OWID_WRL,World,1988,solar_consumption,0.028
OWID_WRL,World,1988,wind_consumption,0.921
OWID_WRL,World,1989,biofuel_consumption,0.0
OWID_WRL,World,1989,coal_consumption,26213.476
OWID_WRL,World,1989,energy_per_capita,17943.04
OWID_WRL,World,1989,energy_per_gdp,2.222
OWID_WRL,World,1989,fossil_fuel_consumption,82383.876
OWID_WRL,World,1989,gas_consumption,18870.551
OWID_WRL,World,1989,hydro_consumption,5798.813
OWID_WRL,World,1989,low_carbon_consumption,11499.57
OWID_WRL,World,1989,nuclear_consumption,5402.812
OWID_WRL,World,1989,oil_consumption,37299.85
OWID_WRL,World,1989,other_renewable_consumption,289.857
OWID_WRL,World,1989,renewables_consumption,6096.758
OWID_WRL,World,1989,solar_consumption,0.728
OWID_WRL,World,1989,wind_consumption,7.36
OWID_WRL,World,1990,biofuel_consumption,102.76
OWID_WRL,World,1990,coal_consumption,25894.997
OWID_WRL,World,1990,energy_per_capita,17844.721
OWID_WRL,World,1990,energy_per_gdp,2.201
OWID_WRL,World,1990,fossil_fuel_consumption,83070.319
OWID_WRL,World,1990,gas_consumption,19484.436
OWID_WRL,World,1990,hydro_consumption,5996.967
OWID_WRL,World,1990,low_carbon_consumption,11992.629
OWID_WRL,World,1990,nuclear_consumption,5556.843
OWID_WRL,World,1990,oil_consumption,37690.886
OWID_WRL,World,1990,other_renewable_consumption,324.89
OWID_WRL,World,1990,renewables_consumption,6435.785
OWID_WRL,World,1990,solar_consumption,1.079
OWID_WRL,World,1990,wind_consumption,10.09
OWID_WRL,World,1991,biofuel_consumption,108.63
OWID_WRL,World,1991,coal_consumption,25642.774
OWID_WRL,World,1991,energy_per_capita,17681.04
OWID_WRL,World,1991,energy_per_gdp,2.191
OWID_WRL,World,1991,fossil_fuel_consumption,83310.064
OWID_WRL,World,1991,gas_consumption,19976.062
OWID_WRL,World,1991,hydro_consumption,6137.256
OWID_WRL,World,1991,low_carbon_consumption,12420.196
OWID_WRL,World,1991,nuclear_consumption,5822.712
OWID_WRL,World,1991,oil_consumption,37691.227
OWID_WRL,World,1991,other_renewable_consumption,338.842
OWID_WRL,World,1991,renewables_consumption,6597.484
OWID_WRL,World,1991,solar_consumption,1.403
OWID_WRL,World,1991,wind_consumption,11.352
OWID_WRL,World,1992,biofuel_consumption,106.608
OWID_WRL,World,1992,coal_consumption,25549.959
OWID_WRL,World,1992,energy_per_capita,17539.656
OWID_WRL,World,1992,energy_per_gdp,2.153
OWID_WRL,World,1992,fossil_fuel_consumption,83961.136
OWID_WRL,World,1992,gas_consumption,20066.809
OWID_WRL,World,1992,hydro_consumption,6136.322
OWID_WRL,World,1992,low_carbon_consumption,12488.026
OWID_WRL,World,1992,nuclear_consumption,5866.919
OWID_WRL,World,1992,oil_consumption,38344.368
OWID_WRL,World,1992,other_renewable_consumption,363.728
OWID_WRL,World,1992,renewables_consumption,6621.107
OWID_WRL,World,1992,solar_consumption,1.302
OWID_WRL,World,1992,wind_consumption,13.148
OWID_WRL,World,1993,biofuel_consumption,111.162
OWID_WRL,World,1993,coal_consumption,25675.129
OWID_WRL,World,1993,energy_per_capita,17400.078
OWID_WRL,World,1993,energy_per_gdp,2.139
OWID_WRL,World,1993,fossil_fuel_consumption,84043.499
OWID_WRL,World,1993,gas_consumption,20269.103
OWID_WRL,World,1993,hydro_consumption,6503.463
OWID_WRL,World,1993,low_carbon_consumption,13076.747
OWID_WRL,World,1993,nuclear_consumption,6068.966
OWID_WRL,World,1993,oil_consumption,38099.268
OWID_WRL,World,1993,other_renewable_consumption,375.783
OWID_WRL,World,1993,renewables_consumption,7007.781
OWID_WRL,World,1993,solar_consumption,1.546
OWID_WRL,World,1993,wind_consumption,15.827
OWID_WRL,World,1994,biofuel_consumption,120.114
OWID_WRL,World,1994,coal_consumption,25773.562
OWID_WRL,World,1994,energy_per_capita,17369.002
OWID_WRL,World,1994,energy_per_gdp,2.115
OWID_WRL,World,1994,fossil_fuel_consumption,85101.869
OWID_WRL,World,1994,gas_consumption,20393.341
OWID_WRL,World,1994,hydro_consumption,6546.899
OWID_WRL,World,1994,low_carbon_consumption,13261.399
OWID_WRL,World,1994,nuclear_consumption,6182.906
OWID_WRL,World,1994,oil_consumption,38934.965
OWID_WRL,World,1994,other_renewable_consumption,390.027
OWID_WRL,World,1994,renewables_consumption,7078.493
OWID_WRL,World,1994,solar_consumption,1.667
OWID_WRL,World,1994,wind_consumption,19.786
OWID_WRL,World,1995,biofuel_consumption,126.441
OWID_WRL,World,1995,coal_consumption,25954.363
OWID_WRL,World,1995,energy_per_capita,17482.117
OWID_WRL,World,1995,energy_per_gdp,2.079
OWID_WRL,World,1995,fossil_fuel_consumption,86507.622
OWID_WRL,World,1995,gas_consumption,21108.566
OWID_WRL,World,1995,hydro_consumption,6904.543
OWID_WRL,World,1995,low_carbon_consumption,13913.38
OWID_WRL,World,1995,nuclear_consumption,6451.105
OWID_WRL,World,1995,oil_consumption,39444.693
OWID_WRL,World,1995,other_renewable_consumption,406.56
OWID_WRL,World,1995,renewables_consumption,7462.274
OWID_WRL,World,1995,solar_consumption,1.78
OWID_WRL,World,1995,wind_consumption,22.95
OWID_WRL,World,1996,biofuel_consumption,121.037
OWID_WRL,World,1996,coal_consumption,26572.145
OWID_WRL,World,1996,energy_per_capita,17746.228
OWID_WRL,World,1996,energy_per_gdp,2.076
OWID_WRL,World,1996,fossil_fuel_consumption,89116.102
OWID_WRL,World,1996,gas_consumption,22163.46
OWID_WRL,World,1996,hydro_consumption,7001.392
OWID_WRL,World,1996,low_carbon_consumption,14253.758
OWID_WRL,World,1996,nuclear_consumption,6685.564
OWID_WRL,World,1996,oil_consumption,40380.497
OWID_WRL,World,1996,other_renewable_consumption,418.238
OWID_WRL,World,1996,renewables_consumption,7568.194
OWID_WRL,World,1996,solar_consumption,1.959
OWID_WRL,World,1996,wind_consumption,25.568
OWID_WRL,World,1997,biofuel_consumption,126.272
OWID_WRL,World,1997,coal_consumption,26526.834
OWID_WRL,World,1997,energy_per_capita,17671.673
OWID_WRL,World,1997,energy_per_gdp,2.03
OWID_WRL,World,1997,fossil_fuel_consumption,89974.447
OWID_WRL,World,1997,gas_consumption,22034.355
OWID_WRL,World,1997,hydro_consumption,7128.16
OWID_WRL,World,1997,low_carbon_consumption,14377.597
OWID_WRL,World,1997,nuclear_consumption,6639.662
OWID_WRL,World,1997,oil_consumption,41413.258
OWID_WRL,World,1997,other_renewable_consumption,448.019
OWID_WRL,World,1997,renewables_consumption,7737.935
OWID_WRL,World,1997,solar_consumption,2.102
OWID_WRL,World,1997,wind_consumption,33.383
OWID_WRL,World,1998,biofuel_consumption,127.632
OWID_WRL,World,1998,coal_consumption,26359.578
OWID_WRL,World,1998,energy_per_capita,17545.245
OWID_WRL,World,1998,energy_per_gdp,2.015
OWID_WRL,World,1998,fossil_fuel_consumption,90421.931
OWID_WRL,World,1998,gas_consumption,22437.921
OWID_WRL,World,1998,hydro_consumption,7185.956
OWID_WRL,World,1998,low_carbon_consumption,14582.748
OWID_WRL,World,1998,nuclear_consumption,6753.84
OWID_WRL,World,1998,oil_consumption,41624.432
OWID_WRL,World,1998,other_renewable_consumption,468.784
OWID_WRL,World,1998,renewables_consumption,7828.908
OWID_WRL,World,1998,solar_consumption,2.311
OWID_WRL,World,1998,wind_consumption,44.226
OWID_WRL,World,1999,biofuel_consumption,129.306
OWID_WRL,World,1999,coal_consumption,26521.914
OWID_WRL,World,1999,energy_per_capita,17628.417
OWID_WRL,World,1999,energy_per_gdp,1.98
OWID_WRL,World,1999,fossil_fuel_consumption,91969.278
OWID_WRL,World,1999,gas_consumption,23075.98
OWID_WRL,World,1999,hydro_consumption,7237.996
OWID_WRL,World,1999,low_carbon_consumption,14933.661
OWID_WRL,World,1999,nuclear_consumption,7012.121
OWID_WRL,World,1999,oil_consumption,42371.384
OWID_WRL,World,1999,other_renewable_consumption,492.76
OWID_WRL,World,1999,renewables_consumption,7921.54
OWID_WRL,World,1999,solar_consumption,2.545
OWID_WRL,World,1999,wind_consumption,58.934
OWID_WRL,World,2000,biofuel_consumption,126.039
OWID_WRL,World,2000,coal_consumption,27417.313
OWID_WRL,World,2000,energy_per_capita,17837.305
OWID_WRL,World,2000,energy_per_gdp,1.912
OWID_WRL,World,2000,fossil_fuel_consumption,94314.391
OWID_WRL,World,2000,gas_consumption,23999.887
OWID_WRL,World,2000,hydro_consumption,7366.566
OWID_WRL,World,2000,low_carbon_consumption,15268.987
OWID_WRL,World,2000,nuclear_consumption,7169.17
OWID_WRL,World,2000,oil_consumption,42897.191
OWID_WRL,World,2000,other_renewable_consumption,516.82
OWID_WRL,World,2000,renewables_consumption,8099.817
OWID_WRL,World,2000,solar_consumption,3.112
OWID_WRL,World,2000,wind_consumption,87.28
OWID_WRL,World,2001,biofuel_consumption,125.74
OWID_WRL,World,2001,coal_consumption,27852.504
OWID_WRL,World,2001,energy_per_capita,17786.908
OWID_WRL,World,2001,energy_per_gdp,1.889
OWID_WRL,World,2001,fossil_fuel_consumption,95461.607
OWID_WRL,World,2001,gas_consumption,24330.947
OWID_WRL,World,2001,hydro_consumption,7130.864
OWID_WRL,World,2001,low_carbon_consumption,15219.685
OWID_WRL,World,2001,nuclear_consumption,7323.716
OWID_WRL,World,2001,oil_consumption,43278.157
OWID_WRL,World,2001,other_renewable_consumption,529.551
OWID_WRL,World,2001,renewables_consumption,7895.97
OWID_WRL,World,2001,solar_consumption,3.866
OWID_WRL,World,2001,wind_consumption,105.949
OWID_WRL,World,2002,biofuel_consumption,146.199
OWID_WRL,World,2002,coal_consumption,28944.643
OWID_WRL,World,2002,energy_per_capita,17948.314
OWID_WRL,World,2002,energy_per_gdp,1.87
OWID_WRL,World,2002,fossil_fuel_consumption,97636.749
OWID_WRL,World,2002,gas_consumption,25052.899
OWID_WRL,World,2002,hydro_consumption,7216.359
OWID_WRL,World,2002,low_carbon_consumption,15469.445
OWID_WRL,World,2002,nuclear_consumption,7392.732
OWID_WRL,World,2002,oil_consumption,43639.207
OWID_WRL,World,2002,other_renewable_consumption,565.829
OWID_WRL,World,2002,renewables_consumption,8076.714
OWID_WRL,World,2002,solar_consumption,4.837
OWID_WRL,World,2002,wind_consumption,143.49
OWID_WRL,World,2003,biofuel_consumption,164.938
OWID_WRL,World,2003,coal_consumption,31496.509
OWID_WRL,World,2003,energy_per_capita,18358.56
OWID_WRL,World,2003,energy_per_gdp,1.877
OWID_WRL,World,2003,fossil_fuel_consumption,101858.037
OWID_WRL,World,2003,gas_consumption,25752.011
OWID_WRL,World,2003,hydro_consumption,7158.541
OWID_WRL,World,2003,low_carbon_consumption,15291.334
OWID_WRL,World,2003,nuclear_consumption,7196.586
OWID_WRL,World,2003,oil_consumption,44609.516
OWID_WRL,World,2003,other_renewable_consumption,593.708
OWID_WRL,World,2003,renewables_consumption,8094.747
OWID_WRL,World,2003,solar_consumption,6.153
OWID_WRL,World,2003,wind_consumption,171.409
OWID_WRL,World,2004,biofuel_consumption,199.349
OWID_WRL,World,2004,coal_consumption,33664.341
OWID_WRL,World,2004,energy_per_capita,19012.351
OWID_WRL,World,2004,energy_per_gdp,1.861
OWID_WRL,World,2004,fossil_fuel_consumption,106655.621
OWID_WRL,World,2004,gas_consumption,26735.573
OWID_WRL,World,2004,hydro_consumption,7635.779
OWID_WRL,World,2004,low_carbon_consumption,16186.198
OWID_WRL,World,2004,nuclear_consumption,7475.689
OWID_WRL,World,2004,oil_consumption,46255.707
OWID_WRL,World,2004,other_renewable_consumption,636.916
OWID_WRL,World,2004,renewables_consumption,8710.51
OWID_WRL,World,2004,solar_consumption,8.053
OWID_WRL,World,2004,wind_consumption,230.413
OWID_WRL,World,2005,biofuel_consumption,238.388
OWID_WRL,World,2005,coal_consumption,36170.786
OWID_WRL,World,2005,energy_per_capita,19408.082
OWID_WRL,World,2005,energy_per_gdp,1.796
OWID_WRL,World,2005,fossil_fuel_consumption,110458.954
OWID_WRL,World,2005,gas_consumption,27463.918
OWID_WRL,World,2005,hydro_consumption,7844.619
OWID_WRL,World,2005,low_carbon_consumption,16506.912
OWID_WRL,World,2005,nuclear_consumption,7447.91
OWID_WRL,World,2005,oil_consumption,46824.25
OWID_WRL,World,2005,other_renewable_consumption,684.812
OWID_WRL,World,2005,renewables_consumption,9059.002
OWID_WRL,World,2005,solar_consumption,11.205
OWID_WRL,World,2005,wind_consumption,279.978
OWID_WRL,World,2006,biofuel_consumption,299.533
OWID_WRL,World,2006,coal_consumption,38070.674
OWID_WRL,World,2006,energy_per_capita,19716.933
OWID_WRL,World,2006,energy_per_gdp,1.739
OWID_WRL,World,2006,fossil_fuel_consumption,113613.158
OWID_WRL,World,2006,gas_consumption,28175.652
OWID_WRL,World,2006,hydro_consumption,8092.845
OWID_WRL,World,2006,low_carbon_consumption,16982.305
OWID_WRL,World,2006,nuclear_consumption,7493.281
OWID_WRL,World,2006,oil_consumption,47366.831
OWID_WRL,World,2006,other_renewable_consumption,726.227
OWID_WRL,World,2006,renewables_consumption,9489.024
OWID_WRL,World,2006,solar_consumption,15.293
OWID_WRL,World,2006,wind_consumption,355.127
OWID_WRL,World,2007,biofuel_consumption,394.209
OWID_WRL,World,2007,coal_consumption,40223.624
OWID_WRL,World,2007,energy_per_capita,20076.27
OWID_WRL,World,2007,energy_per_gdp,1.685
OWID_WRL,World,2007,fossil_fuel_consumption,117504.838
OWID_WRL,World,2007,gas_consumption,29323.697
OWID_WRL,World,2007,hydro_consumption,8179.49
OWID_WRL,World,2007,low_carbon_consumption,17125.569
OWID_WRL,World,2007,nuclear_consumption,7294.706
OWID_WRL,World,2007,oil_consumption,47957.516
OWID_WRL,World,2007,other_renewable_consumption,783.021
OWID_WRL,World,2007,renewables_consumption,9830.863
OWID_WRL,World,2007,solar_consumption,20.64
OWID_WRL,World,2007,wind_consumption,453.503
OWID_WRL,World,2008,biofuel_consumption,539.807
OWID_WRL,World,2008,coal_consumption,40770.48
OWID_WRL,World,2008,energy_per_capita,20057.851
OWID_WRL,World,2008,energy_per_gdp,1.641
OWID_WRL,World,2008,fossil_fuel_consumption,118360.46
OWID_WRL,World,2008,gas_consumption,30024.33
OWID_WRL,World,2008,hydro_consumption,8598.703
OWID_WRL,World,2008,low_carbon_consumption,17814.072
OWID_WRL,World,2008,nuclear_consumption,7226.874
OWID_WRL,World,2008,oil_consumption,47565.65
OWID_WRL,World,2008,other_renewable_consumption,832.851
OWID_WRL,World,2008,renewables_consumption,10587.198
OWID_WRL,World,2008,solar_consumption,33.376
OWID_WRL,World,2008,wind_consumption,582.461
OWID_WRL,World,2009,biofuel_consumption,618.649
OWID_WRL,World,2009,coal_consumption,40148.633
OWID_WRL,World,2009,energy_per_capita,19514.057
OWID_WRL,World,2009,energy_per_gdp,1.628
OWID_WRL,World,2009,fossil_fuel_consumption,116213.166
OWID_WRL,World,2009,gas_consumption,29411.029
OWID_WRL,World,2009,hydro_consumption,8532.793
OWID_WRL,World,2009,low_carbon_consumption,17902.397
OWID_WRL,World,2009,nuclear_consumption,7080.672
OWID_WRL,World,2009,oil_consumption,46653.505
OWID_WRL,World,2009,other_renewable_consumption,891.054
OWID_WRL,World,2009,renewables_consumption,10821.725
OWID_WRL,World,2009,solar_consumption,55.016
OWID_WRL,World,2009,wind_consumption,724.212
OWID_WRL,World,2010,biofuel_consumption,712.414
OWID_WRL,World,2010,coal_consumption,41997.234
OWID_WRL,World,2010,energy_per_capita,20204.963
OWID_WRL,World,2010,energy_per_gdp,1.588
OWID_WRL,World,2010,fossil_fuel_consumption,121691.136
OWID_WRL,World,2010,gas_consumption,31606.766
OWID_WRL,World,2010,hydro_consumption,8958.472
OWID_WRL,World,2010,low_carbon_consumption,18871.237
OWID_WRL,World,2010,nuclear_consumption,7218.503
OWID_WRL,World,2010,oil_consumption,48087.136
OWID_WRL,World,2010,other_renewable_consumption,990.475
OWID_WRL,World,2010,renewables_consumption,11652.734
OWID_WRL,World,2010,solar_consumption,87.907
OWID_WRL,World,2010,wind_consumption,903.467
OWID_WRL,World,2011,biofuel_consumption,745.152
OWID_WRL,World,2011,coal_consumption,44018.078
OWID_WRL,World,2011,energy_per_capita,20447.575
OWID_WRL,World,2011,energy_per_gdp,1.532
OWID_WRL,World,2011,fossil_fuel_consumption,124939.047
OWID_WRL,World,2011,gas_consumption,32370.994
OWID_WRL,World,2011,hydro_consumption,9072.896
OWID_WRL,World,2011,low_carbon_consumption,19036.297
OWID_WRL,World,2011,nuclear_consumption,6874.33
OWID_WRL,World,2011,oil_consumption,48549.975
OWID_WRL,World,2011,other_renewable_consumption,1033.31
OWID_WRL,World,2011,renewables_consumption,12161.967
OWID_WRL,World,2011,solar_consumption,168.766
OWID_WRL,World,2011,wind_consumption,1141.844
OWID_WRL,World,2012,biofuel_consumption,764.713
OWID_WRL,World,2012,coal_consumption,44185.345
OWID_WRL,World,2012,energy_per_capita,20464.76
OWID_WRL,World,2012,energy_per_gdp,1.51
OWID_WRL,World,2012,fossil_fuel_consumption,126562.097
OWID_WRL,World,2012,gas_consumption,33220.032
OWID_WRL,World,2012,hydro_consumption,9400.811
OWID_WRL,World,2012,low_carbon_consumption,19266.268
OWID_WRL,World,2012,nuclear_consumption,6364.201
OWID_WRL,World,2012,oil_consumption,49156.72
OWID_WRL,World,2012,other_renewable_consumption,1109.535
OWID_WRL,World,2012,renewables_consumption,12902.067
OWID_WRL,World,2012,solar_consumption,259.658
OWID_WRL,World,2012,wind_consumption,1367.349
OWID_WRL,World,2013,biofuel_consumption,817.131
OWID_WRL,World,2013,coal_consumption,44993.467
OWID_WRL,World,2013,energy_per_capita,20606.611
OWID_WRL,World,2013,energy_per_gdp,1.496
OWID_WRL,World,2013,fossil_fuel_consumption,128448.117
OWID_WRL,World,2013,gas_consumption,33766.139
OWID_WRL,World,2013,hydro_consumption,9764.87
OWID_WRL,World,2013,low_carbon_consumption,20137.543
OWID_WRL,World,2013,nuclear_consumption,6383.714
OWID_WRL,World,2013,oil_consumption,49688.511
OWID_WRL,World,2013,other_renewable_consumption,1187.923
OWID_WRL,World,2013,renewables_consumption,13753.829
OWID_WRL,World,2013,solar_consumption,356.169
OWID_WRL,World,2013,wind_consumption,1627.737
OWID_WRL,World,2014,biofuel_consumption,875.835
OWID_WRL,World,2014,coal_consumption,44954.435
OWID_WRL,World,2014,energy_per_capita,20532.66
OWID_WRL,World,2014,energy_per_gdp,1.469
OWID_WRL,World,2014,fossil_fuel_consumption,128962.368
OWID_WRL,World,2014,gas_consumption,33994.279
OWID_WRL,World,2014,hydro_consumption,9910.341
OWID_WRL,World,2014,low_carbon_consumption,20829.361
OWID_WRL,World,2014,nuclear_consumption,6466.974
OWID_WRL,World,2014,oil_consumption,50013.654
OWID_WRL,World,2014,other_renewable_consumption,1274.776
OWID_WRL,World,2014,renewables_consumption,14362.387
OWID_WRL,World,2014,solar_consumption,503.532
OWID_WRL,World,2014,wind_consumption,1797.902
OWID_WRL,World,2015,biofuel_consumption,907.399
OWID_WRL,World,2015,coal_consumption,43844.173
OWID_WRL,World,2015,energy_per_capita,20445.283
OWID_WRL,World,2015,energy_per_gdp,1.437
OWID_WRL,World,2015,fossil_fuel_consumption,129516.27
OWID_WRL,World,2015,gas_consumption,34780.121
OWID_WRL,World,2015,hydro_consumption,9827.171
OWID_WRL,World,2015,low_carbon_consumption,21365.767
OWID_WRL,World,2015,nuclear_consumption,6516.074
OWID_WRL,World,2015,oil_consumption,50891.976
OWID_WRL,World,2015,other_renewable_consumption,1361.715
OWID_WRL,World,2015,renewables_consumption,14849.694
OWID_WRL,World,2015,solar_consumption,649.74
OWID_WRL,World,2015,wind_consumption,2103.669
OWID_WRL,World,2016,biofuel_consumption,944.501
OWID_WRL,World,2016,coal_consumption,43195.639
OWID_WRL,World,2016,energy_per_capita,20490.955
OWID_WRL,World,2016,energy_per_gdp,1.429
OWID_WRL,World,2016,fossil_fuel_consumption,130705.831
OWID_WRL,World,2016,gas_consumption,35590.036
OWID_WRL,World,2016,hydro_consumption,10091.741
OWID_WRL,World,2016,low_carbon_consumption,22239.107
OWID_WRL,World,2016,nuclear_consumption,6575.951
OWID_WRL,World,2016,oil_consumption,51920.156
OWID_WRL,World,2016,other_renewable_consumption,1377.77
OWID_WRL,World,2016,renewables_consumption,15663.156
OWID_WRL,World,2016,solar_consumption,825.45
OWID_WRL,World,2016,wind_consumption,2423.694
OWID_WRL,World,2017,biofuel_consumption,972.009
OWID_WRL,World,2017,coal_consumption,43359.508
OWID_WRL,World,2017,energy_per_capita,20624.761
OWID_WRL,World,2017,energy_per_gdp,
OWID_WRL,World,2017,fossil_fuel_consumption,132512.67
OWID_WRL,World,2017,gas_consumption,36585.642
OWID_WRL,World,2017,hydro_consumption,10164.682
OWID_WRL,World,2017,low_carbon_consumption,23160.114
OWID_WRL,World,2017,nuclear_consumption,6596.391
OWID_WRL,World,2017,oil_consumption,52567.52
OWID_WRL,World,2017,other_renewable_consumption,1457.234
OWID_WRL,World,2017,renewables_consumption,16563.723
OWID_WRL,World,2017,solar_consumption,1117.368
OWID_WRL,World,2017,wind_consumption,2852.43
OWID_WRL,World,2018,biofuel_consumption,1040.053
OWID_WRL,World,2018,coal_consumption,44109.462
OWID_WRL,World,2018,energy_per_capita,20975.203
OWID_WRL,World,2018,energy_per_gdp,
OWID_WRL,World,2018,fossil_fuel_consumption,135807.237
OWID_WRL,World,2018,gas_consumption,38516.651
OWID_WRL,World,2018,hydro_consumption,10367.535
OWID_WRL,World,2018,low_carbon_consumption,24252.866
OWID_WRL,World,2018,nuclear_consumption,6711.461
OWID_WRL,World,2018,oil_consumption,53181.125
OWID_WRL,World,2018,other_renewable_consumption,1528.605
OWID_WRL,World,2018,renewables_consumption,17541.405
OWID_WRL,World,2018,solar_consumption,1448.367
OWID_WRL,World,2018,wind_consumption,3156.845
OWID_WRL,World,2019,biofuel_consumption,1101.949
OWID_WRL,World,2019,coal_consumption,43849.215
OWID_WRL,World,2019,energy_per_capita,21027.415
OWID_WRL,World,2019,energy_per_gdp,
OWID_WRL,World,2019,fossil_fuel_consumption,136761.607
OWID_WRL,World,2019,gas_consumption,39292.468
OWID_WRL,World,2019,hydro_consumption,10455.127
OWID_WRL,World,2019,low_carbon_consumption,25427.562
OWID_WRL,World,2019,nuclear_consumption,6923.412
OWID_WRL,World,2019,oil_consumption,53619.925
OWID_WRL,World,2019,other_renewable_consumption,1614.027
OWID_WRL,World,2019,renewables_consumption,18504.151
OWID_WRL,World,2019,solar_consumption,1792.996
OWID_WRL,World,2019,wind_consumption,3540.051
